time,disp_x_max,disp_z_max,vonmises_max
0,0,0,0
0.005,6.9966708e-05,0.000370528347,0.18815538545393
0.01,0.00072614522624708,-0.0013512271137759,0.018420327278319
0.015,0.0039294690952169,-0.010046843052567,0.077932500377381
0.02,0.011414561470897,-0.038697185200349,0.12436820660131
0.025,0.022522691270064,-0.096708325414219,0.16244353326851
0.03,0.036920443864916,-0.16966629280957,0.23524652595951
0.035,0.056472068488902,-0.24483216236591,0.36535807350418
0.04,0.08238687333871,-0.30380587660976,0.46038244345368
0.045,0.11299561447013,-0.35636256627605,0.49530202206676
0.05,0.14679795527033,-0.4215454753033,0.60216605760863
0.055,0.1864367682758,-0.55796161580427,0.52039087484599
0.06,0.23654302874393,-0.68027309811942,0.63410911025198
0.065,0.29698891724335,-0.78856472475833,0.47192250421383
0.07,0.36485802732745,-0.86465768077076,0.48382096743963
0.075,0.44025354244516,-0.92743850348718,0.58354374996957
0.08,0.52440791633751,-0.95193637719927,0.54220769980434
0.085,0.61613790933617,-0.96618243789134,0.42706525690253
0.09,0.71788635209416,-1.0141088073138,0.42059890625438
0.095,0.83631317251202,-1.1203913324878,0.45884554063029
0.1,0.973586394753,-1.2139857779481,0.42649203824093
0.105,1.123804862684,-1.2849734474681,0.50100418267296
0.11,1.277381731374,-1.4836929668975,0.3599096590972
0.115,1.4249001604835,-1.6048827964603,0.80507917007802
0.12,1.5799934075539,-1.6769478326605,0.48908236012293
0.125,1.7644879965078,-1.6565962129785,0.39254446341836
0.13,1.965434771198,-1.7045920788486,0.69775214601808
0.135,2.1237223418259,-1.8051897035023,0.7655780903836
0.14,2.231145308389,-1.9498734910987,0.62879107343387
0.145,2.2969079424932,-2.1096060822075,0.26989702267308
0.15,2.3912742754213,-2.2517657304939,0.51728491575894
0.155,2.5673807838,-2.3521285183232,0.88398981767856
0.16,2.74906093658,-2.4073042662299,0.75013526821492
0.165,2.934309390194,-2.468772171622,0.87989119209953
0.17,3.125668267435,-2.5593871332054,1.2164865810053
0.175,3.3251350991606,-2.6359648312272,0.88870451973005
0.18,3.5345734825157,-2.7161348418536,0.96888348818092
0.185,3.7860270218231,-2.7863431699674,1.1826997826316
0.19,4.1087772693743,-2.8192998217888,1.2028630181472
0.195,4.3981877655511,-2.844588824647,1.237079416974
0.2,4.639035885329,-2.8769441766217,1.0353064033986
0.205,4.8364876200732,-3.0722481971689,1.0137311342498
0.21,4.995633305984,-3.2071345564418,1.3079943468978
0.215,5.1154561645619,-3.3077872130664,1.306955210882
0.22,5.1833806210045,-3.3374429117962,1.8721364335683
0.225,5.1792087976786,-3.2956019155914,1.9448219189039
0.23,5.0938304953362,-3.2403284686023,1.9975814997749
0.235,4.9344769152115,-3.1731157628822,2.5330692448872
0.24,4.7261474411682,-3.165144271446,2.4158075656385
0.245,4.506234626626,-3.0478650586836,2.9757084349162
0.25,4.2459828970517,-2.8823687956219,2.2346989359931
0.255,3.9713004992055,-2.6440328347125,2.4261861417866
0.26,3.6472101509182,-2.7196113750083,1.4562532772122
0.265,3.2704479431993,-2.6792217929347,2.0512985347375
0.27,2.8431711983931,-2.5951574073284,1.2285469772349
0.275,2.3802817429176,-2.391484599749,1.3952645031439
0.28,1.8714252393736,-2.5294213647595,0.90382294897821
0.285,1.3053787042772,-2.6478179157826,1.4944318700911
0.29,0.67042727169819,-2.7710551869097,0.77887850079836
0.295,-0.021225492284469,-2.8360114143674,0.81636868723206
0.3,-0.66638992882776,-2.9315148925554,1.0601956429662
0.305,-1.2872760461874,-3.001201731942,1.0655499473112
0.31,-1.862163225958,-3.0277903841507,0.95049704022472
0.315,-2.395939048328,-3.2405772221188,1.3517717354291
0.32,-2.8871051611569,-3.3315781361887,2.2005262970881
0.325,-3.3588205362669,-3.3900097555975,1.7306254078625
0.33,-3.8438775141857,-3.3582749885085,2.3114458945093
0.335,-4.3144993171115,-3.5457405961014,2.1467570514901
0.34,-4.7583697984454,-3.6493613955681,2.5140513373341
0.345,-5.0301138741911,-3.7129095230721,2.3903419393746
0.35,-5.4236279649354,-3.6518368259497,3.3829449262237
0.355,-6.0811713136925,-3.6891161060573,4.3176896521488
0.36,-7.0550876877237,-3.7484555323621,4.5975372054694
0.365,-8.3307601561524,-3.7984596816833,4.7875253466855
0.37,-9.846530371285,-3.9242627124586,4.8308354893347
0.375,-11.529925628813,-4.0633903089292,5.9113218837075
0.38,-13.317902639591,-4.1969102737067,5.9798612913841
0.385,-15.102310592,-4.3184547522425,5.6003983469072
0.39,-16.739789665588,-4.4422994919525,5.6190044116838
0.395,-18.429200573655,-4.5815983124497,5.416030314689
0.4,-20.155328147229,-4.7255800491101,3.9650739909357
0.405,-21.895062743451,-4.8616887037659,3.1740621548149
0.41,-23.546256989348,-4.9695718457635,2.1159238239625
0.415,-25.158030994374,-5.0429189618237,1.5137372483895
0.42,-26.837142025992,-5.0804573584112,1.8796994286823
0.425,-28.529119632302,-5.1386385030345,3.7482311522001
0.43,-29.991371807844,-5.1791939252249,6.2294871965214
0.435,-31.332173128362,-5.1640631957284,7.9547943433944
0.44,-32.545294957163,-5.1025585838271,9.5136482143223
0.445,-33.642137686442,-5.0637971254902,10.738366510547
0.45,-34.636014595388,-5.0812483798454,10.769868400268
0.455,-35.532431024453,-5.1283820327311,10.503849381573
0.46,-36.336161224237,-5.2032196146271,8.9753949558916
0.465,-37.067540845625,-5.3149087667857,6.4537367417201
0.47,-37.76750540913,-5.4044796391797,4.6503128887073
0.475,-37.957934041353,-5.4380949808019,2.2635811600505
0.48,-38.260623248991,-5.4313809046717,3.8402843551051
0.485,-38.764315468896,-5.5764429117412,6.4278874341959
0.49,-39.549452018913,-5.6608701701817,8.3885679072151
0.495,-40.719067616537,-5.709196481628,8.5112468209949
0.5,-42.364705563671,-5.8045157471442,10.176357989731
0.505,-44.479411098788,-5.9805262533675,9.322362572264
0.51,-46.933460268152,-6.1253964758168,8.1952503309496
0.515,-49.282893903203,-6.2725521875626,6.6765481298629
0.52,-51.392955126105,-6.4342486511021,6.3988656138772
0.525,-53.44189069478,-6.6328835157757,6.2067617759233
0.53,-55.5803861035,-6.8344067435616,5.284421816514
0.535,-57.79097369685,-6.9952072929094,4.1365541462268
0.54,-60.032867684917,-7.2034016775716,3.4717385096899
0.545,-61.914770546376,-7.3950822473572,4.4956772206022
0.55,-63.782723785438,-7.581868102191,5.086813201406
0.555,-65.805596157665,-7.7281819498329,4.2396281082706
0.56,-68.07576622843,-7.9843455141458,3.3649860400695
0.565,-70.572812122768,-8.200633519695,1.8817532146771
0.57,-72.727601563095,-8.2918291193337,3.2088723540649
0.575,-74.73156433928,-8.3506323288765,6.3936285623886
0.58,-76.789531752859,-8.4951697262561,8.7987462019967
0.585,-78.914246644008,-8.6386988850531,8.6836802348092
0.59,-81.089932964528,-8.8021491411636,7.8222038312367
0.595,-83.00817822795,-9.0108294033151,7.1176399873017
0.6,-84.790373328482,-9.2301011468345,6.2875507323781
0.605,-86.738684252124,-9.4823801307619,4.0744556973618
0.61,-88.863113261676,-9.7267726003002,2.6287734829389
0.615,-91.158494604432,-10.048388497555,4.9174112217744
0.62,-93.582603663244,-10.291665829244,7.4854118120595
0.625,-95.406222250788,-10.511787425971,7.3545527171718
0.63,-97.182455791307,-10.775658318858,8.6148235578084
0.635,-98.943086767738,-11.125522739827,8.2790497338416
0.64,-100.72277925967,-11.554823603763,7.365797991549
0.645,-102.55245354488,-11.95946313456,4.4745341935692
0.65,-104.43595507506,-12.294035989251,1.0322847951366
0.655,-105.45423532592,-12.624802018616,4.1097624054557
0.66,-106.69817575425,-12.880698941544,7.6686468010193
0.665,-108.32051816784,-13.155649340403,9.8917258740001
0.67,-110.34547295694,-13.513943443846,11.140773848533
0.675,-112.72523623084,-13.940780407397,12.59892726326
0.68,-115.35947107881,-14.338218211784,12.376767859072
0.685,-117.01475838738,-14.649148105709,11.613007065386
0.69,-118.59383666679,-14.983883459671,11.643321261491
0.695,-120.17014348321,-15.332819157136,9.4522787162974
0.7,-121.73498406118,-15.711310073389,8.1362254423798
0.705,-123.26282318206,-16.133265645058,4.9222233394283
0.71,-124.7187704939,-16.455434314869,6.0711920400141
0.715,-125.67869961785,-16.689887691846,10.340310315858
0.72,-126.25917130017,-16.896061251782,13.111572540138
0.725,-127.13227851355,-17.135610911023,12.717708568168
0.73,-128.27158664834,-17.435143780128,11.171887075202
0.735,-129.60284475399,-17.789645921768,9.5543167373853
0.74,-130.75687879934,-18.128461489258,5.3828794784034
0.745,-131.44568322757,-18.420902503489,3.7651601540537
0.75,-132.0971663277,-18.671086915094,5.3913193566386
0.755,-132.69912199562,-18.901507908535,9.1369233893376
0.76,-133.23969497348,-19.114799158163,11.42383215737
0.765,-133.71572095065,-19.37156682512,11.50925943936
0.77,-134.12963270648,-19.642319160984,11.780558176024
0.775,-134.25397156897,-19.891254202849,10.717341943384
0.78,-133.99305148432,-20.118894492294,8.5760971379096
0.785,-133.93147974893,-20.393886290698,6.9728054771346
0.79,-134.09555529554,-20.700282673523,4.4911477909009
0.795,-134.48591197079,-21.003209414229,3.1638368247129
0.8,-135.09120931662,-21.275438674798,7.2321217603391
0.805,-135.46694449268,-21.505241161897,9.3329929074671
0.81,-135.49727130106,-21.765777157359,11.919886111906
0.815,-135.55539949985,-22.10860684852,14.626967932208
0.82,-135.63434810265,-22.52188288474,14.131523503692
0.825,-135.71284034011,-22.974501284001,12.683233633252
0.83,-135.76864631053,-23.406099822225,11.203151821093
0.835,-135.51463024815,-23.744252536039,8.4417804520285
0.84,-135.04660511666,-24.004232260349,4.6729052713813
0.845,-134.77979845082,-24.256832176211,3.0120826176661
0.85,-134.66072906715,-24.402031431349,5.2925775273449
0.855,-134.6436081624,-24.483784890949,8.5374515639121
0.86,-134.72490693012,-24.536734019748,11.47760960437
0.865,-134.62859051157,-24.527563566836,13.416047812583
0.87,-134.28141756817,-24.50997372087,14.374446669138
0.875,-133.85849579937,-24.531862264208,13.849596064258
0.88,-133.36200527755,-24.584692101331,12.574623291235
0.885,-132.82597614751,-24.650728711601,9.1748495964591
0.89,-132.29503315432,-24.756528567544,4.5575858386319
0.895,-131.80990641547,-24.885823029137,1.6191896735251
0.9,-130.76062171255,-24.861195600165,4.9660471769493
0.905,-129.69132757673,-24.810035123329,8.5881524273654
0.91,-128.88191304998,-24.786137831085,12.964099041291
0.915,-128.45569763511,-24.797925978307,13.901078096623
0.92,-128.51891475738,-24.838107611715,13.251777717964
0.925,-129.09760357005,-24.920795311935,12.482788780292
0.93,-130.08011954361,-25.043809301006,8.2454836548998
0.935,-130.77758068354,-25.19049827563,4.3622881232804
0.94,-130.91559228113,-25.255826685441,4.8926165921302
0.945,-131.07495306239,-25.300716236692,6.4005751767548
0.95,-131.2451325943,-25.3522774082,8.9785842885334
0.955,-131.42089370271,-25.435743735627,9.6722589079857
0.96,-131.61361707957,-25.578268707385,10.820580307309
0.965,-131.65969187552,-25.74404680972,10.476307733782
0.97,-131.11343591126,-25.888945558828,9.2330215333466
0.975,-130.62817116648,-26.030391625404,8.6793810644963
0.98,-130.52811343419,-26.072780971932,7.8787520937641
0.985,-131.00354845476,-26.125628188421,7.8879154704962
0.99,-132.0759079228,-26.324461051105,6.2982184759296
0.995,-133.55883313683,-26.437401173151,7.4595711706896
1,-134.46333012886,-26.457773102777,10.270884188729
1.005,-134.95257125672,-26.460847632188,14.049535854467
1.01,-135.45415322512,-26.479874648373,14.687211332277
1.015,-135.94544355534,-26.527283844527,13.790462713226
1.02,-136.41853105738,-26.617070166436,12.172908290937
1.025,-136.86636403037,-26.75978636669,9.1550693191036
1.03,-137.16483441018,-26.944702542857,4.5700362661357
1.035,-136.96859479433,-27.067857069093,2.9513078297192
1.04,-136.59255082111,-27.06363712728,5.7473965021504
1.045,-136.55358016312,-27.043445179496,10.344815992422
1.05,-137.00988443128,-27.064387858853,12.031114756841
1.055,-137.94846173403,-27.103368582347,12.45907879424
1.06,-139.23601370278,-27.161967477298,11.891986281195
1.065,-140.70322187473,-27.301058304541,10.079479428609
1.07,-141.82670552084,-27.46112209391,7.5660416131474
1.075,-142.48159801037,-27.555152148028,5.6738714676389
1.08,-143.04741857442,-27.526392291176,6.7908510429437
1.085,-143.51581894572,-27.555251325781,11.039711317599
1.09,-143.89190184505,-27.59904912852,14.705761448932
1.095,-144.1901333877,-27.64935148552,16.418490217936
1.1,-144.42600226194,-27.737079285695,17.637407744421
1.105,-144.40875368496,-27.871751418272,18.454383260306
1.11,-143.6675231376,-28.02620651836,15.941677500808
1.115,-143.24275032931,-28.206329368863,13.488308718525
1.12,-143.17579956854,-28.383038719868,7.9097776944773
1.125,-143.41884474849,-28.519904504116,3.6929278787181
1.13,-143.89837076684,-28.553495442671,8.6926792643305
1.135,-144.17222273593,-28.505182022924,14.37347007629
1.14,-144.02086161398,-28.430693487296,21.241197656765
1.145,-143.96283728312,-28.416065994464,24.765362642968
1.15,-144.00396585882,-28.466040478062,25.434392344149
1.155,-144.1492480274,-28.547346594407,23.508684823408
1.16,-144.15138894996,-28.701353790459,17.533076100578
1.165,-143.44926596741,-28.874834586896,12.182742696801
1.17,-143.10674925497,-28.987326475428,7.2269198368154
1.175,-143.28466551072,-28.983507079279,8.9317537895934
1.18,-143.98942061138,-28.952328737303,16.615594803136
1.185,-145.1711091344,-28.910046730318,22.189695982562
1.19,-146.7808222443,-28.920028633364,24.932364356612
1.195,-148.73712743062,-28.972785474766,27.450012175325
1.2,-149.84264924033,-29.025121743915,24.839238382138
1.205,-150.66067175764,-29.110851207854,22.215247145096
1.21,-151.42064867978,-29.219952380159,19.332329607993
1.215,-152.11574344973,-29.323624849179,13.583285396981
1.22,-152.74480075954,-29.460293383704,6.9778268785774
1.225,-153.31083121714,-29.574492290778,7.0806966441306
1.23,-153.80991845369,-29.479408890636,12.168236354726
1.235,-153.25404608216,-29.316406160287,18.001932481366
1.24,-152.88941763597,-29.202099486638,22.785112954964
1.245,-152.85269167741,-29.144006012617,25.259043941159
1.25,-153.24884686813,-29.132638154104,24.554529809934
1.255,-154.13683740649,-29.203258445469,21.53895212256
1.26,-155.41994144611,-29.312324465891,17.219025245727
1.265,-155.76920101299,-29.356107227996,11.865934980259
1.27,-155.88490543485,-29.278276802555,7.5014501432802
1.275,-155.9991143797,-29.208617615308,9.2118227670772
1.28,-156.1181342972,-29.138173559566,13.151867407017
1.285,-156.22539981288,-28.990154015155,16.390328565815
1.29,-156.28299870829,-28.910508278303,20.650458739392
1.295,-155.90059655431,-28.858272315893,22.846919063384
1.3,-155.03819417316,-28.824838906374,21.196809792775
1.305,-154.40795964805,-28.856723448828,18.183038563626
1.31,-154.11552572961,-28.976881366356,13.495110262706
1.315,-154.26512604295,-29.128788959473,6.7448000219632
1.32,-154.89432413073,-29.220189872744,6.7900561210995
1.325,-155.6175417942,-29.06321215725,11.608467598444
1.33,-155.24940237881,-28.89270545909,20.061151046183
1.335,-154.78947416425,-28.783798331834,25.895276654287
1.34,-154.28011154543,-28.696060357317,28.279655063414
1.345,-153.75718506616,-28.654200220871,27.423062124003
1.35,-153.23471059308,-28.74094464532,22.911695893099
1.355,-152.71967435188,-28.921482665722,16.58369330182
1.36,-151.28427894606,-29.040773750331,8.8828144075069
1.365,-149.56587028479,-28.972543735447,6.6457371885184
1.37,-148.28612662101,-28.919119522651,12.291119708039
1.375,-147.65639158592,-28.791366211255,20.489350853666
1.38,-147.80960547884,-28.668118238808,25.342147090125
1.385,-148.71260759811,-28.596508064267,27.952115268837
1.39,-150.11388304165,-28.577727882707,26.663947424403
1.395,-150.60795536343,-28.590469172426,23.986088370269
1.4,-150.60317995627,-28.61555511914,20.582415943688
1.405,-150.59793123027,-28.685346269737,15.766670264696
1.41,-150.56778732561,-28.763698761192,10.569909693522
1.415,-150.49210669507,-28.768462704063,7.5796117868997
1.42,-150.37458968547,-28.63204672168,11.022285288751
1.425,-150.12925273796,-28.468648635703,15.227364680134
1.43,-148.80681238262,-28.298318357737,19.18241131673
1.435,-147.55063978916,-28.174925845089,21.29902809383
1.44,-146.84978107419,-28.099295237765,22.19642653803
1.445,-146.90850620659,-28.115770035602,19.693283608539
1.45,-147.72296128033,-28.225045299968,14.616774083145
1.455,-149.08356829581,-28.372821175531,7.1479479287209
1.46,-150.17706669563,-28.44995158599,2.2081092551346
1.465,-150.32825760984,-28.32442581624,9.0852902840685
1.47,-150.52968978032,-28.130327438161,15.080813429953
1.475,-150.76468460385,-27.975020530922,19.167244084818
1.48,-151.01290816456,-27.92385270641,20.978967923456
1.485,-151.25220565877,-27.945567769887,20.639743990565
1.49,-151.38403562249,-27.984953241876,19.395821064798
1.495,-150.55354014149,-27.980505808693,16.64146159896
1.5,-149.7920158935,-27.995222611381,12.319466489007
1.505,-149.53880933312,-27.98369064209,8.9122280500335
1.51,-149.92704489101,-28.017996848774,7.9912694208015
1.515,-150.92505048734,-27.990259365911,11.516769718046
1.52,-152.35484698311,-27.910763575287,14.975402775908
1.525,-153.42070903738,-27.824146313459,19.636819914812
1.53,-153.67443434424,-27.741022626353,22.935824106048
1.535,-153.89983883,-27.743452918461,23.020695748746
1.54,-154.11172454743,-27.839628747816,20.245078401007
1.545,-154.32914830867,-27.963366744901,15.917444828756
1.55,-154.57093774176,-28.083208961505,7.9047148885369
1.555,-154.8030159528,-28.147427565597,1.8058705123923
1.56,-153.6804097607,-28.046513770458,10.235496034703
1.565,-152.82916320628,-27.926992178332,17.68646877638
1.57,-152.61596720279,-27.867604052429,23.595707861347
1.575,-153.14611960653,-27.865584354033,25.242476244898
1.58,-154.31284088944,-27.894792946056,23.100296917224
1.585,-155.8299395002,-27.950888129204,19.727763151795
1.59,-156.34246933824,-28.024848589831,14.873071262285
1.595,-156.60493140872,-28.149097640568,10.282998312594
1.6,-156.91856969024,-28.207705583649,8.4025690671992
1.605,-157.27560966749,-28.169417960705,8.9076829872983
1.61,-157.66234317742,-28.075588191746,14.413913636332
1.615,-158.06449461257,-27.997750309204,17.392319271367
1.62,-157.62370960995,-27.942207363131,20.09725655969
1.625,-156.88308730146,-27.876859864102,21.363194205436
1.63,-156.62465366019,-27.850817887907,21.239664134424
1.635,-157.00373240926,-27.881136249841,17.910405276543
1.64,-157.99640062757,-27.918749938328,13.239717160915
1.645,-159.43789329577,-27.973895136492,6.1704345388942
1.65,-160.61535982329,-27.977231025528,2.7408059393507
1.655,-160.90422250841,-27.715302105608,9.6396574104426
1.66,-161.18765878868,-27.489946438375,15.031097358176
1.665,-161.47675253432,-27.320585266853,20.579207581781
1.67,-161.78381010904,-27.20503959583,22.102346616733
1.675,-162.1195077841,-27.120291698545,20.848166070429
1.68,-162.39948673848,-27.070297431039,18.696245489279
1.685,-161.44153734981,-27.03638216068,17.017003242215
1.69,-160.731077659,-27.039125733388,11.450418500972
1.695,-160.63591980473,-26.916901339807,9.1647799012307
1.7,-161.23399705473,-26.805821680456,8.5842518774227
1.705,-162.4191434105,-26.761130231284,12.931215610458
1.71,-163.96978310437,-26.718996175136,17.062449030477
1.715,-164.76536463657,-26.629593416781,20.964357287881
1.72,-165.13933007715,-26.49122564373,23.368757615361
1.725,-165.5586519269,-26.463985765606,22.805700617575
1.73,-166.0296446416,-26.57859550531,18.248120069809
1.735,-166.55820852798,-26.737506385025,12.20049645404
1.74,-167.13430327475,-26.929792446399,4.6578741634039
1.745,-166.88414102584,-26.944825005558,6.0822202349551
1.75,-166.30033296013,-26.794931373299,13.95581844783
1.755,-166.23370814703,-26.663958899082,18.600406932985
1.76,-166.83294664491,-26.614280366723,23.286818786369
1.765,-168.03257781057,-26.648124621644,23.776563042121
1.77,-169.60890999447,-26.699789699775,20.544075737928
1.775,-170.4086378535,-26.727021108961,15.959416851718
1.78,-170.83048578199,-26.772886178243,13.428503055532
1.785,-171.32740431618,-26.841912760162,8.5682456324758
1.79,-171.89727010956,-26.871252852187,7.5363068601419
1.795,-172.52174355449,-26.86722870247,10.008287962794
1.8,-173.19135908873,-26.804887778044,14.314481235312
1.805,-172.95147427615,-26.752038103062,18.191817487743
1.81,-172.57161123919,-26.687771325787,20.00686962476
1.815,-172.68348528903,-26.642065276421,21.082954267723
1.82,-173.45765003155,-26.676061592793,19.634675367521
1.825,-174.91327405762,-26.775116987033,15.148465173138
1.83,-176.89826687034,-26.896593911398,8.5136670910489
1.835,-178.58125720613,-26.967033833743,3.0526102456408
1.84,-179.17329194453,-26.873764294839,7.9543032457675
1.845,-179.68675467591,-26.663730630316,14.218488608508
1.85,-180.13757228325,-26.486291467048,18.336729887572
1.855,-180.54279456553,-26.422843018043,21.963936293086
1.86,-180.92006690259,-26.45015369756,21.598240712616
1.865,-181.28999220432,-26.521489335528,19.487844700161
1.87,-180.54480016433,-26.583700796971,18.084557005827
1.875,-179.40457771344,-26.676671486876,15.994655988833
1.88,-178.88495441553,-26.766889243279,12.098267054727
1.885,-179.20695790346,-26.82115387926,11.555268063041
1.89,-180.42206302988,-26.892990427342,11.610400234485
1.895,-182.3942681617,-27.070914030691,14.391957753297
1.9,-184.79483886778,-27.152851188744,18.0265907037
1.905,-185.55578582751,-27.124764437437,21.966917954791
1.91,-186.23920669907,-27.129916219764,24.500850049326
1.915,-186.95704561436,-27.269184686878,22.964984317116
1.92,-187.69529261715,-27.52712205505,18.248639457463
1.925,-188.43542503121,-27.799999057958,10.040403150964
1.93,-189.15294288118,-28.062476692542,2.2894071435457
1.935,-188.7429057524,-28.107584504665,8.6925904244622
1.94,-188.04113281168,-28.033278925668,16.380829688521
1.945,-187.89899244398,-28.018414146494,21.567472557984
1.95,-188.47345346159,-28.073458953623,25.693319173905
1.955,-189.7652815694,-28.177993989259,25.709224201558
1.96,-191.6211444959,-28.337204400318,21.599257303191
1.965,-193.15258229886,-28.535798849207,16.53350049488
1.97,-193.71561059982,-28.734879834927,12.982264892729
1.975,-194.31007033502,-28.885824553911,10.329311121656
1.98,-194.93062815085,-28.935819168466,9.7260564299737
1.985,-195.57120692068,-29.05925046002,13.460422696077
1.99,-196.23312957015,-29.099449554735,18.032576250369
1.995,-196.67712871959,-29.195164394284,20.642351738649
2,-195.93342049493,-29.26942794069,22.421322118428
2.005,-195.56704477867,-29.435318150207,23.257137931332
2.01,-195.81962232429,-29.691436263662,21.099957896262
2.015,-196.83955985546,-29.977962155345,17.423776666152
2.02,-198.65396320107,-30.212747901384,10.850030829389
2.025,-201.09561895154,-30.59624486057,3.8576961879649
2.03,-203.31758430461,-30.790461687218,7.1264743553933
2.035,-204.43381317805,-30.777830784443,14.172048467897
2.04,-205.60790108145,-30.806637759127,19.937396433625
2.045,-206.83000182777,-30.921095723553,23.034498992124
2.05,-208.08621329663,-31.091170982953,22.467260357463
2.055,-209.36053588039,-31.319203830247,19.465843358272
2.06,-210.44985279425,-31.616614890423,16.60850211362
2.065,-210.37157357621,-31.903529872247,12.322231405666
2.07,-210.61825604984,-32.138488262952,8.6293028040576
2.075,-211.43390913911,-32.191331662919,9.7277800655278
2.08,-212.96650389354,-32.36159255556,13.573305997426
2.085,-215.22703833407,-32.486385100339,17.91674591239
2.09,-218.0211949559,-32.596478018058,20.622442187957
2.095,-219.98532072466,-32.659598013112,23.20562789271
2.1,-221.34402927264,-32.789798503389,24.128913607186
2.105,-222.74805162452,-32.998674558027,21.731861451357
2.11,-224.22214054313,-33.205593491076,16.404897779217
2.115,-225.78980620336,-33.350475358626,7.8796033151626
2.12,-227.46081655125,-33.642166961321,3.1355488465622
2.125,-228.02242075349,-33.598963389919,11.382173918893
2.13,-228.33283905659,-33.513532666341,19.002071326655
2.135,-229.2281959365,-33.503044583836,25.252319040613
2.14,-230.94865877397,-33.587850553765,27.96910124754
2.145,-233.53776589851,-33.703822154382,25.379954636179
2.15,-236.77975183861,-33.843838979308,19.705961920695
2.155,-238.83202074229,-34.010236888974,13.604907832729
2.16,-240.11639387375,-34.104875858589,10.940968331645
2.165,-241.33735911369,-34.080530160695,13.606023526624
2.17,-242.50591930786,-34.038867175044,16.677243401462
2.175,-243.61282610623,-34.117956879221,22.027941011815
2.18,-244.66592756924,-34.142267716554,24.592759742059
2.185,-245.63260667771,-34.198631545286,24.874846828624
2.19,-244.76963591958,-34.175989390166,24.506305542867
2.195,-244.1633323145,-34.248140952935,23.976744001362
2.2,-244.36949851629,-34.397985509502,20.254862372426
2.205,-245.640794875,-34.456476429573,14.750202825173
2.21,-247.98784310815,-34.557947766014,10.348974929843
2.215,-251.13149234982,-34.872405293742,9.2358392295555
2.22,-253.43772975159,-34.767569958674,15.371060877648
2.225,-254.48142180643,-34.539819527984,21.64263225033
2.23,-255.49128397845,-34.390504125984,27.605532250724
2.235,-256.48209990964,-34.385227136527,29.446998729943
2.24,-257.45556487289,-34.463252512382,26.70185560111
2.245,-258.38996869844,-34.624289996095,22.16434780891
2.25,-259.25257241845,-34.870395908711,16.012371572163
2.255,-258.19475072598,-35.043416757931,10.624952311083
2.26,-257.24055892726,-34.977133426763,11.145050036797
2.265,-257.14665784139,-34.889652837656,13.997923282008
2.27,-258.07862742696,-35.004124139276,19.547983669651
2.275,-259.9051989449,-35.02247956962,23.729594736597
2.28,-262.23691829139,-35.086824558451,25.741815136087
2.285,-262.86194673822,-35.093864407871,29.551154415076
2.29,-263.08415132172,-35.189438961368,30.190222341429
2.295,-263.22856242012,-35.358844200867,26.363343950361
2.3,-263.29254171968,-35.471476104235,20.027457415676
2.305,-263.28674663507,-35.548766556388,11.839181568387
2.31,-263.24822130199,-35.900184019844,7.4932353158091
2.315,-262.97017004675,-35.873634738916,14.20580291171
2.32,-260.70442851633,-35.689955377905,23.880908329035
2.325,-258.9939135827,-35.58894274127,33.167476941621
2.33,-258.28703298188,-35.588463901435,37.417984859413
2.335,-258.72418659357,-35.657042375506,33.994192831573
2.34,-260.13607205353,-35.829627081149,29.127386367671
2.345,-262.12788192423,-36.083958065865,20.840752361478
2.35,-262.42402583787,-36.275228992657,11.610685147912
2.355,-262.27523816399,-36.201847042321,10.612602752294
2.36,-262.154359044,-36.044889651697,17.049155846248
2.365,-262.06861075209,-36.023175332653,26.436885342105
2.37,-262.01628948094,-35.931025933797,31.781787214
2.375,-261.99542271616,-35.904490812429,32.631676792711
2.38,-260.77701790768,-35.890214936041,31.533446254076
2.385,-258.66922492797,-35.920984408367,30.421293007938
2.39,-257.37743462985,-36.049991920137,25.536171021359
2.395,-257.2191336587,-36.094641046317,18.391066420431
2.4,-258.21261686165,-36.183938388915,12.205957623722
2.405,-260.15737743177,-36.425462625897,12.678895027566
2.41,-262.69615286577,-36.277185778952,19.175956935611
2.415,-263.42181078075,-36.002405059872,24.994412932197
2.42,-263.65620278764,-35.807107925527,32.697072455467
2.425,-263.8829529314,-35.71590010786,36.712112746914
2.43,-264.13850885264,-35.707088840026,33.905186599246
2.435,-264.4556777435,-35.83330401272,28.482219165928
2.44,-264.85259359969,-36.08206650671,18.849662854288
2.445,-263.82026939236,-36.294391344499,10.543429763846
2.45,-261.84419176244,-36.050294281706,12.684734086767
2.455,-260.85458489388,-35.847773134797,19.092769561284
2.46,-261.16350648162,-35.80960245534,27.476466919582
2.465,-262.75678999755,-35.725535878079,31.28710525494
2.47,-265.34562288769,-35.717310480555,31.25145247507
2.475,-268.0965485728,-35.752522778371,32.209301720607
2.48,-268.49583992871,-35.787878461814,31.769296511554
2.485,-268.86374831917,-35.938421481617,27.171858803956
2.49,-269.20693023978,-35.902530312583,19.263750194177
2.495,-269.54923055595,-36.094045662202,16.945081086083
2.5,-269.92181106736,-36.514889506855,15.395714063026
2.505,-270.34883113928,-36.512647616413,19.994987451762
2.51,-268.55259213381,-36.400908267528,29.733743273314
2.515,-266.55901205847,-36.34094999501,38.881068754941
2.52,-265.70889010183,-36.370356390753,42.173186867316
2.525,-266.32861521996,-36.503381683647,37.293335987816
2.53,-268.42090900808,-36.769615248372,30.975438703993
2.535,-271.67511293941,-37.136723547484,20.065820018566
2.54,-275.1336290594,-37.50864445853,5.9229932924655
2.545,-275.87503476476,-37.349887004816,11.264519848778
2.55,-276.53323465279,-37.224551090872,24.232182143145
2.555,-277.11028755208,-37.269460745383,34.975999868549
2.56,-277.64345709448,-37.329857057186,39.804290350625
2.565,-278.17582338144,-37.492521416427,38.744784881532
2.57,-278.72757695693,-37.753026575073,33.892239983668
2.575,-277.18944290451,-38.003235071914,27.644102612693
2.58,-274.7734277845,-38.235562476451,23.261263287438
2.585,-273.56300141468,-38.165125410003,20.938161135156
2.59,-273.96620648041,-38.397928817834,20.908043195845
2.595,-275.98939158032,-38.816456519905,22.588516215532
2.6,-279.25072861506,-38.917476966322,27.090819340812
2.605,-282.16116436815,-38.966722479956,28.802200416789
2.61,-282.63384349065,-38.965177082507,35.940546621005
2.615,-283.11988284692,-39.020746100828,38.199564527758
2.62,-283.62758883939,-39.176946188585,33.85876780254
2.625,-284.16654112522,-39.474592445688,27.45894393499
2.63,-284.73353695472,-39.953219976286,16.235387826306
2.635,-285.32162785475,-40.396185361103,2.5670475216744
2.64,-282.93252495225,-40.220468700491,13.214832376478
2.645,-280.84900244583,-40.113455268233,25.294916803408
2.65,-280.10335049358,-40.061318764146,34.538537559567
2.655,-281.02143811045,-40.115348578894,37.561760794709
2.66,-283.50988611774,-40.28803138082,34.803482737454
2.665,-287.10092460733,-40.591022952638,30.080091606288
2.67,-289.76405614839,-40.900131629022,26.774238411903
2.675,-290.53438526358,-41.120375825593,22.352117740134
2.68,-291.30842504496,-41.011505334688,18.139104529419
2.685,-292.05438647334,-41.216619435823,20.069290666198
2.69,-292.76132869602,-41.534241590675,22.520770745703
2.695,-293.43998046766,-41.600165022791,25.867973885831
2.7,-294.11148247367,-41.713799403884,28.680854552939
2.705,-292.0039172021,-41.765057795998,37.012314133789
2.71,-290.17305768231,-41.823599201205,38.759917577693
2.715,-289.59240562004,-41.962371833567,34.897319347338
2.72,-290.58997177591,-42.213776762822,28.411585362075
2.725,-293.07170285461,-42.653882325207,15.95183075077
2.73,-296.56399665439,-43.033822293893,4.4023478121004
2.735,-298.51760598893,-42.975508446149,15.14293767226
2.74,-299.13148455443,-42.843112274871,27.670058394651
2.745,-299.749883524,-42.774331659267,36.978816450774
2.75,-300.33898487189,-42.794496815171,39.875858021499
2.755,-300.8680796902,-42.935187530703,38.30910420899
2.76,-301.33314208448,-43.216220019938,32.441505589782
2.765,-301.62708541123,-43.588524455245,21.505736180324
2.77,-299.23552924992,-43.826365856284,14.876320944057
2.775,-297.38549476131,-43.726088785486,15.182433855832
2.78,-296.72602403678,-43.870044623152,19.490383756918
2.785,-297.52488100442,-44.064765384558,27.770119796341
2.79,-299.70891348066,-44.061858147642,30.890931868858
2.795,-302.86232751898,-44.177211207529,32.361740997329
2.8,-305.37565364887,-44.364991677137,31.549341989217
2.805,-306.27089113384,-44.484554130246,30.562883174825
2.81,-307.24041383395,-44.68477419785,27.284774321406
2.815,-308.27218773115,-44.999542125921,21.730391626638
2.82,-309.36500616991,-45.326847125608,13.022829721474
2.825,-310.50844373319,-45.606223648367,8.2599422386103
2.83,-311.31804008218,-45.672092425594,15.675450059803
2.835,-310.04042692465,-45.576237534325,24.459033309387
2.84,-309.36019810921,-45.545078335393,33.28336498915
2.845,-309.80525149764,-45.615383582371,35.692277998466
2.85,-311.55355066996,-45.781500013189,34.373625751004
2.855,-314.39848645653,-46.055580181572,29.136971015586
2.86,-317.46618219003,-46.391159321404,22.109768928487
2.865,-317.9534150512,-46.595329194644,17.243583534525
2.87,-318.24569044657,-46.472133256188,15.565159490288
2.875,-318.35283274387,-46.531636847331,20.507704018149
2.88,-318.29000264705,-46.568250185609,25.254327800925
2.885,-318.070503092,-46.587816217474,28.954552430524
2.89,-317.71506230843,-46.61045664188,30.084947014056
2.895,-317.00215123807,-46.675218238628,32.429276237659
2.9,-313.55874725203,-46.646854905427,32.848929619417
2.905,-310.84962897941,-46.707276578523,30.421516773948
2.91,-309.42860895737,-46.842373310234,24.957990890041
2.915,-309.42364771415,-47.050402953233,15.25735470156
2.92,-310.5721687634,-47.297671833309,9.6220566100378
2.925,-312.37342191384,-47.481392519956,14.217944643906
2.93,-312.30122849796,-47.470033489314,24.079304806003
2.935,-311.78142477292,-47.491406959555,32.127393439089
2.94,-311.3895844146,-47.640486243562,34.316686984544
2.945,-311.08618593947,-47.93053511411,33.129582805878
2.95,-310.82436217328,-48.350611121,27.395689240641
2.955,-310.56405643518,-48.855203513694,16.023862986013
2.96,-308.72927845358,-49.275996173216,7.5650208700463
2.965,-306.46595264648,-49.395536871191,11.91491606475
2.97,-305.08824696024,-49.629924912281,22.396378592473
2.975,-304.79774949919,-49.729567569788,30.843473288637
2.98,-305.51867316532,-49.87720584546,33.977077714535
2.985,-306.99691757413,-50.136168383835,35.936088682581
2.99,-308.82504328517,-50.461148499545,33.809666661216
2.995,-309.24456579636,-50.74379892206,26.68902725013
3,-309.54014513849,-51.111257347862,21.285538577024
3.005,-309.93871369719,-51.56987360071,14.783951686089
3.01,-310.40610979125,-51.821967622171,10.831207637265
3.015,-310.91046979087,-52.022188738684,16.052156757042
3.02,-311.4447671281,-52.074461100989,23.266671036747
3.025,-310.4010383815,-52.071781462526,31.417786501501
3.03,-309.64693923279,-52.071185225101,35.870369193901
3.035,-309.6201536564,-52.15430591397,35.844133758398
3.04,-310.41146617465,-52.358867475521,33.747760066813
3.045,-311.99129751509,-52.667814736562,28.361222089059
3.05,-314.2451446505,-53.042030154015,17.71678531769
3.055,-316.94666095824,-53.421858304749,7.1833750395948
3.06,-318.19668383497,-53.564669994115,7.1816144509145
3.065,-319.27421918179,-53.449946110969,18.9036162427
3.07,-320.35471673803,-53.350370232836,27.88284889498
3.075,-321.41627818142,-53.336249373775,31.71243605897
3.08,-322.44075120268,-53.450253894052,34.128409739568
3.085,-323.41361791519,-53.625380589799,34.408095757928
3.09,-323.69945138565,-53.819375383279,29.757441576614
3.095,-323.30387661949,-54.075204978783,24.300790338836
3.1,-323.33471774887,-54.377748362108,16.690328120232
3.105,-323.91712681667,-54.549903767111,8.389752352045
3.11,-325.11279590355,-54.601612116419,12.547674911091
3.115,-326.90893762423,-54.569644744769,19.983812253372
3.12,-329.07118058932,-54.519529318687,27.698203818749
3.125,-329.86732726886,-54.43645540846,34.584916335014
3.13,-330.66696220731,-54.456978763818,36.068345326808
3.135,-331.49000650804,-54.580354923134,34.157553003142
3.14,-332.33752556128,-54.775506965927,27.522463033429
3.145,-333.20939291579,-55.034933904981,16.470039368648
3.15,-334.09808549234,-55.302767361518,4.6747848865505
3.155,-333.83241505144,-55.324632813759,8.3428587427111
3.16,-333.69035961435,-55.126643792891,20.935038876926
3.165,-333.98567201428,-54.955090531814,30.061925566152
3.17,-334.86271492977,-54.895831005897,34.577063177072
3.175,-336.40974636895,-54.957172693289,37.757320061891
3.18,-338.52498428802,-55.068911514615,34.779975067092
3.185,-340.17124521248,-55.205243102981,26.241222332849
3.19,-340.99805646237,-55.400575638352,20.025095725684
3.195,-341.76964314336,-55.651555531326,12.98783534848
3.2,-342.48207824243,-55.671167304694,9.2694770349416
3.205,-343.14316635449,-55.672065723423,16.823875396249
3.21,-343.76084735192,-55.62091548586,24.824285485058
3.215,-344.34674985533,-55.600244012049,30.353249635277
3.22,-344.0132252248,-55.572640855429,33.141452165767
3.225,-343.33268204893,-55.608704373811,32.819437624857
3.23,-343.08728713901,-55.737847589322,29.622123915168
3.235,-343.54354954938,-55.939463832825,24.024315887628
3.24,-344.79057467029,-56.185075511602,14.321170183338
3.245,-346.64980895517,-56.386522468945,3.171828266894
3.25,-348.19927403219,-56.311012221363,11.273359665929
3.255,-348.77739067766,-56.069681404008,21.425136148035
3.26,-349.35045497399,-55.85934228344,29.019785294137
3.265,-349.95382147574,-55.742955573752,32.377778157665
3.27,-350.58300595633,-55.743134544547,34.328463003615
3.275,-351.22236322543,-55.821875102238,32.071006821029
3.28,-351.71015417768,-55.962543969718,26.235968444017
3.285,-351.29237111385,-56.157908994528,20.203038627144
3.29,-350.76847139188,-56.386539607596,12.620150824193
3.295,-350.80657260384,-56.315573852094,9.5016017181332
3.3,-351.57067260827,-56.329009858931,15.78622432715
3.305,-352.97712165295,-56.226316981949,23.162406865395
3.31,-354.68451935252,-56.158118228893,30.067730914553
3.315,-355.88661010466,-56.110288513743,35.276092085714
3.32,-356.53804417969,-56.133099768438,35.397327218266
3.325,-357.20388826603,-56.254833122599,32.213274466914
3.33,-357.87662004049,-56.458598943101,26.09981046165
3.335,-358.54456998961,-56.740650298587,16.858351125997
3.34,-359.20226009091,-57.024602685103,4.7295875956095
3.345,-359.66754012054,-57.021892987134,9.6529972014332
3.35,-359.31419161576,-56.807799007684,21.658020807378
3.355,-359.07595558482,-56.622043614233,30.782725033997
3.36,-359.41011079829,-56.544781494409,36.069245187399
3.365,-360.39215392314,-56.583139538656,38.014453268117
3.37,-361.89726648606,-56.677280995611,34.384800297208
3.375,-363.69824709162,-56.867599886326,26.647623240482
3.38,-365.09995165453,-57.155548915364,17.98857351511
3.385,-365.92199497405,-57.384660873919,8.7999809879727
3.3899999999999,-366.76483112206,-57.336699532776,7.7872529901255
3.3949999999999,-367.6352281494,-57.21632393512,18.933456250434
3.3999999999999,-368.53268636202,-57.095928003271,28.314553546904
3.4049999999999,-369.45076870691,-56.99212112312,33.298186864725
3.4099999999999,-370.05502277672,-56.927443256297,34.479825718205
3.4149999999999,-369.79245282297,-56.916773192494,33.194179262989
3.4199999999999,-369.96317815011,-57.00739284105,31.030293807267
3.4249999999999,-370.73594670011,-57.150476958952,22.919742172009
3.4299999999999,-372.0509337978,-57.355160530289,13.287665461921
3.4349999999999,-373.7377137807,-57.597236824465,3.6032424647985
3.4399999999999,-375.50365632523,-57.476220973253,11.987623144493
3.4449999999999,-376.23274912553,-57.222373923766,20.484987148857
3.4499999999999,-376.96504868308,-57.021560435821,28.401520880643
3.4549999999999,-377.7193749825,-56.957416286113,33.617995774418
3.4599999999999,-378.49286178425,-57.004605835925,35.864180886043
3.4649999999999,-379.25207660379,-57.104080408425,32.16858073898
3.4699999999999,-379.97603804583,-57.299297367769,26.911015462551
3.4749999999999,-379.79508798333,-57.564735305426,20.867378541341
3.4799999999999,-379.55091880649,-57.832056933583,10.07244655641
3.4849999999999,-379.80235030095,-57.781237604626,8.2998079479605
3.4899999999999,-380.54629979967,-57.677701387576,17.486729447054
3.4949999999999,-381.68306748864,-57.571863275208,27.693274478385
3.4999999999999,-383.14219394421,-57.50560523044,33.344348236286
3.5049999999999,-384.86097277985,-57.520016090086,37.135501199551
3.5099999999999,-385.86401106639,-57.63752860604,36.91912622021
3.5149999999999,-386.68487588902,-57.867460633988,34.030967045612
3.5199999999999,-387.47153866578,-58.187747827514,26.245338871972
3.5249999999999,-388.19139856008,-58.594414431218,15.687683209661
3.5299999999999,-388.81884206866,-58.97273194468,5.3073354374861
3.5349999999999,-389.35295869333,-59.016818817946,14.064612579233
3.5399999999999,-389.82667755913,-58.99917116352,24.280843559144
3.5449999999999,-389.64399090209,-58.990185095181,31.46093648309
3.5499999999999,-389.5158218513,-59.086298424729,36.882292323908
3.5549999999999,-389.55073064906,-59.265800393023,39.135676882782
3.5599999999999,-389.8821118363,-59.508338377846,35.902479814364
3.5649999999999,-390.67266395043,-59.869672554923,29.71691418307
3.5699999999999,-391.9667679984,-60.33459963679,20.494050412872
3.5749999999999,-393.24515760129,-60.803787722898,7.0528691018488
3.5799999999999,-393.72748649275,-60.965906753134,7.4390736267431
3.5849999999999,-394.22733059456,-61.075359255414,18.541160685291
3.5899999999999,-394.77165930373,-61.126883728905,27.484952033797
3.5949999999999,-395.3703819631,-61.197565095534,32.870545534622
3.5999999999999,-396.00806557967,-61.364556223567,34.398783889349
3.6049999999999,-396.30336232623,-61.643845133834,32.889723808906
3.6099999999999,-396.18250547591,-61.943333749004,28.909013150499
3.6149999999999,-396.2270986506,-62.309512745211,20.514108177117
3.6199999999999,-396.57775287595,-62.749471836181,12.291661723814
3.6249999999999,-397.38749725571,-63.111801594107,7.0472787675029
3.6299999999999,-398.69172091222,-63.244079018885,13.975469192987
3.6349999999999,-400.00839327381,-63.240279925937,21.912262747939
3.6399999999999,-400.6025958964,-63.275153159139,28.745906398246
3.6449999999999,-401.26160163449,-63.392962958564,33.554159867498
3.6499999999999,-401.96404646113,-63.571469920924,33.41714798886
3.6549999999999,-402.68337585316,-63.819139106961,30.355813526569
3.6599999999999,-403.39224932238,-64.171357359797,24.676219251972
3.6649999999999,-403.96755110528,-64.589838350826,16.592413261802
3.6699999999999,-404.18629672842,-64.964214946794,4.688806124335
3.6749999999999,-404.41062651759,-65.006219949156,9.0495657629474
3.6799999999999,-404.71137356051,-64.977981159162,18.68244143577
3.6849999999999,-405.24498680008,-64.969901573623,28.533925648091
3.6899999999999,-406.14557406289,-64.980721711779,32.32348239418
3.6949999999999,-407.33464127221,-65.083712572396,35.577460586186
3.6999999999999,-408.08776402226,-65.282637171543,34.125881239657
3.7049999999999,-408.89090308654,-65.549942893561,30.015996448895
3.7099999999999,-409.70099506366,-65.879993336813,19.765276242849
3.7149999999999,-410.4727634462,-66.261461076121,8.5400607416161
3.7199999999999,-411.26918524018,-66.523318621595,5.2301954518199
3.7249999999999,-412.04670028469,-66.442030529716,15.382369732123
3.7299999999999,-412.49043884696,-66.334204994473,24.927928383204
3.7349999999999,-413.14872870018,-66.298908477408,30.528364004042
3.7399999999999,-413.82948396823,-66.345426423138,36.148156468168
3.7449999999999,-414.57349482013,-66.445905473316,37.726432867767
3.7499999999999,-415.65644783183,-66.621468520311,31.875284838556
3.7549999999999,-417.02041197665,-66.909677774151,23.382317876919
3.7599999999999,-417.70330376056,-67.245652964879,14.418813006286
3.7649999999999,-418.3668778296,-67.448613151582,6.0721563529845
3.7699999999999,-419.02562968003,-67.495207085667,12.505318292671
3.7749999999999,-419.70870714666,-67.42960838899,20.76493798132
3.7799999999999,-420.42899166796,-67.399238337678,27.406318088915
3.7849999999999,-421.06496763887,-67.428077602603,32.931645831682
3.7899999999999,-421.2895067638,-67.524717939236,33.548013103639
3.7949999999999,-421.61540534173,-67.70692816611,30.957004569262
3.7999999999999,-422.02685241865,-67.94226482317,25.628344316458
3.8049999999999,-422.72815023626,-68.24065011899,17.281794869933
3.8099999999999,-423.87930836227,-68.607773488665,7.7278663901707
3.8149999999999,-425.44485194938,-68.806955106864,6.8228102266814
3.8199999999999,-426.67108297144,-68.704687554591,15.375833667303
3.8249999999999,-427.51166000216,-68.601549125667,25.073978390603
3.8299999999999,-428.28597945246,-68.583196057329,29.823267497474
3.8349999999999,-429.02556181617,-68.660581153951,33.873514266418
3.8399999999999,-429.73637449328,-68.807329255556,32.810684227861
3.8449999999999,-430.42663532685,-69.048761547318,26.729928005107
3.8499999999999,-431.04323200783,-69.38971364591,20.238031261618
3.8549999999999,-431.31742054896,-69.723441888639,11.357307077008
3.8599999999999,-431.4403797647,-69.935415875119,3.3874225780082
3.8649999999999,-431.51810453981,-69.874854066717,12.937909898481
3.8699999999999,-432.03527570211,-69.808916281754,22.375134997453
3.8749999999999,-433.0693316063,-69.757616026481,28.541236866247
3.8799999999999,-434.22050955697,-69.757984509234,33.213940501727
3.8849999999999,-434.8834478121,-69.869230778928,34.036353180449
3.8899999999999,-435.45099790682,-70.057842267414,30.716755995013
3.8949999999999,-435.87869306763,-70.282469567254,24.407261557292
3.8999999999999,-436.2824337595,-70.583225215064,14.439845080314
3.9049999999999,-436.66308459348,-70.946074706591,5.05608797811
3.9099999999999,-437.02321193041,-70.988093897958,10.502508542216
3.9149999999999,-437.0612429722,-70.895860883553,18.724128311659
3.9199999999999,-437.11255473008,-70.813523368948,28.47401458823
3.9249999999999,-436.74670939694,-70.829321674433,34.380715460803
3.9299999999999,-436.72321173024,-70.930701722525,37.541661103527
3.9349999999999,-437.26420737405,-71.077524694673,34.994474860852
3.9399999999999,-438.26624442529,-71.307071556223,26.148866960917
3.9449999999999,-439.0459057136,-71.626481053093,17.399268557711
3.9499999999999,-439.66276050565,-71.924579966933,7.8534957933579
3.9549999999999,-439.86478315106,-71.960023555008,6.7817636537085
3.9599999999999,-440.001505484,-71.791805807591,17.364983727862
3.9649999999999,-440.08632032218,-71.684101180277,27.131658667549
3.9699999999999,-440.1432800512,-71.602218161853,33.897590723817
3.9749999999999,-440.18871284315,-71.592842155625,37.40417123607
3.9799999999999,-439.99173897273,-71.713737078161,34.473125813419
3.9849999999999,-439.3171800494,-71.873530875845,29.086924436395
3.9899999999999,-438.44923134112,-72.074415783955,22.309819982128
3.9949999999999,-438.18119886666,-72.344024151504,13.607084275798
3.9999999999999,-438.53612262565,-72.561384111874,5.8185986703359
