0.00125,0.001890451
0.00250,0.003780902
0.00375,0.005671352
0.00500,0.007561803
0.00625,-0.012445468
0.00750,-0.032452739
0.00875,-0.05246001
0.01000,-0.072467281
0.01125,-0.076011876
0.01250,-0.079556471
0.01375,-0.083101066
0.01500,-0.086645662
0.01625,-0.096255453
0.01750,-0.10586524
0.01875,-0.11547504
0.02000,-0.12508483
0.02125,-0.12453345
0.02250,-0.12398206
0.02375,-0.12343068
0.02500,-0.1228793
0.02625,-0.096885603
0.02750,-0.070891905
0.02875,-0.044898206
0.03000,-0.018904508
0.03125,0.018038051
0.03250,0.054980611
0.03375,0.09192317
0.03500,0.12886573
0.03625,0.11311197
0.03750,0.097358216
0.03875,0.08160446
0.04000,0.065850703
0.04125,-0.004411052
0.04250,-0.074672807
0.04375,-0.14493456
0.04500,-0.21519632
0.04625,-0.21236064
0.04750,-0.20952496
0.04875,-0.20668929
0.05000,-0.20385361
0.05125,-0.14572225
0.05250,-0.087590887
0.05375,-0.029459525
0.05500,0.028671837
0.05625,0.032058895
0.05750,0.035445952
0.05875,0.03883301
0.06000,0.042220068
0.06125,0.056634755
0.06250,0.071049443
0.06375,0.08546413
0.06500,0.099878817
0.06625,0.13304048
0.06750,0.16620213
0.06875,0.19936379
0.07000,0.23252545
0.07125,0.22165536
0.07250,0.21078526
0.07375,0.19991517
0.07500,0.18904508
0.07625,0.099957586
0.07750,0.010870092
0.07875,-0.078217402
0.08000,-0.1673049
0.08125,-0.14603732
0.08250,-0.12476975
0.08375,-0.10350218
0.08500,-0.08223461
0.08625,-0.071915899
0.08750,-0.061597189
0.08875,-0.051278478
0.09000,-0.040959767
0.09125,-0.065299321
0.09250,-0.089638875
0.09375,-0.11397843
0.09500,-0.13831798
0.09625,-0.15808895
0.09750,-0.17785991
0.09875,-0.19763088
0.10000,-0.21740184
0.10125,-0.17226733
0.10250,-0.12713282
0.10375,-0.081998303
0.10500,-0.036863791
0.10625,-0.007167959
0.10750,0.022527872
0.10875,0.052223703
0.11000,0.081919535
0.11125,0.12760543
0.11250,0.17329132
0.11375,0.21897722
0.11500,0.26466311
0.11625,0.29491032
0.11750,0.32515754
0.11875,0.35540475
0.12000,0.38565196
0.12125,0.27096461
0.12250,0.15627727
0.12375,0.041589918
0.12500,-0.073097431
0.12625,-0.16281508
0.12750,-0.25253272
0.12875,-0.34225036
0.13000,-0.43196801
0.13125,-0.38124091
0.13250,-0.33051381
0.13375,-0.27978672
0.13500,-0.22905962
0.13625,-0.20180562
0.13750,-0.17455162
0.13875,-0.14729762
0.14000,-0.12004363
0.14125,-0.058997819
0.14250,0.002047988
0.14375,0.063093795
0.14500,0.1241396
0.14625,0.15383543
0.14750,0.18353127
0.14875,0.2132271
0.15000,0.24292293
0.15125,0.21023388
0.15250,0.17754484
0.15375,0.14485579
0.15500,0.11216675
0.15625,0.098224673
0.15750,0.084282598
0.15875,0.070340524
0.16000,0.056398449
0.16125,0.028829375
0.16250,0.001260301
0.16375,-0.026308774
0.16500,-0.053877848
0.16625,-0.044976975
0.16750,-0.036076103
0.16875,-0.02717523
0.17000,-0.018274358
0.17125,-0.028986912
0.17250,-0.039699467
0.17375,-0.050412021
0.17500,-0.061124576
0.17625,-0.027805381
0.17750,0.005513815
0.17875,0.03883301
0.18000,0.072152206
0.18125,0.12524237
0.18250,0.17833253
0.18375,0.23142269
0.18500,0.28451285
0.18625,0.20708313
0.18750,0.12965342
0.18875,0.052223703
0.19000,-0.025206011
0.19125,-0.1064954
0.19250,-0.18778478
0.19375,-0.26907416
0.19500,-0.35036355
0.19625,-0.31783204
0.19750,-0.28530053
0.19875,-0.25276903
0.20000,-0.22023752
0.20125,-0.17998667
0.20250,-0.13973582
0.20375,-0.099484973
0.20500,-0.059234125
0.20625,0.001023994
0.20750,0.061282113
0.20875,0.12154023
0.21000,0.18179835
0.21125,0.22118274
0.21250,0.26056714
0.21375,0.29995153
0.21500,0.33933592
0.21625,0.39108701
0.21750,0.4428381
0.21875,0.49458919
0.22000,0.54634028
0.22125,0.40691953
0.22250,0.26749879
0.22375,0.12807804
0.22500,-0.011342705
0.22625,-0.084755211
0.22750,-0.15816772
0.22875,-0.23158022
0.23000,-0.30499273
0.23125,-0.17628454
0.23250,-0.047576345
0.23375,0.081131847
0.23500,0.20984004
0.23625,0.24977581
0.23750,0.28971159
0.23875,0.32964736
0.24000,0.36958313
0.24125,0.41329981
0.24250,0.45701648
0.24375,0.50073316
0.24500,0.54444983
0.24625,0.24583737
0.24750,-0.052775085
0.24875,-0.35138754
0.25000,-0.65
0.25125,-0.53121667
0.25250,-0.41243335
0.25375,-0.29365002
0.25500,-0.1748667
0.25625,-0.16509937
0.25750,-0.15533204
0.25875,-0.14556471
0.26000,-0.13579738
0.26125,-0.028120456
0.26250,0.079556471
0.26375,0.1872334
0.26500,0.29491032
0.26625,0.23851188
0.26750,0.18211343
0.26875,0.12571498
0.27000,0.069316529
0.27125,-0.092632089
0.27250,-0.25458071
0.27375,-0.41652933
0.27500,-0.57847794
0.27625,-0.57855671
0.27750,-0.57863548
0.27875,-0.57871425
0.28000,-0.57879302
0.28125,-0.46709889
0.28250,-0.35540475
0.28375,-0.24371062
0.28500,-0.13201648
0.28625,-0.051278478
0.28750,0.029459525
0.28875,0.11019753
0.29000,0.19093553
0.29125,0.27884149
0.29250,0.36674746
0.29375,0.45465342
0.29500,0.54255938
0.29625,0.29585555
0.29750,0.049151721
0.29875,-0.19755211
0.30000,-0.44425594
0.30125,-0.36785022
0.30250,-0.2914445
0.30375,-0.21503878
0.30500,-0.13863306
0.30625,-0.12500606
0.30750,-0.11137906
0.30875,-0.09775206
0.31000,-0.084125061
0.31125,-0.022212797
0.31250,0.039699467
0.31375,0.10161173
0.31500,0.16352399
0.31625,0.19156568
0.31750,0.21960737
0.31875,0.24764905
0.32000,0.27569074
0.32125,0.20401115
0.32250,0.13233156
0.32375,0.060651963
0.32500,-0.01102763
0.32625,-0.071994668
0.32750,-0.13296171
0.32875,-0.19392874
0.33000,-0.25489578
0.33125,-0.19889118
0.33250,-0.14288657
0.33375,-0.086881968
0.33500,-0.030877363
0.33625,-0.001260301
0.33750,0.028356762
0.33875,0.057973825
0.34000,0.087590887
0.34125,0.15178745
0.34250,0.215984
0.34375,0.28018056
0.34500,0.34437712
0.34625,0.2914445
0.34750,0.23851188
0.34875,0.18557925
0.35000,0.13264663
0.35125,0.037178866
0.35250,-0.0582889
0.35375,-0.15375667
0.35500,-0.24922443
0.35625,-0.23922079
0.35750,-0.22921716
0.35875,-0.21921352
0.36000,-0.20920989
0.36125,-0.17888391
0.36250,-0.14855793
0.36375,-0.11823194
0.36500,-0.087905962
0.36625,-0.099248667
0.36750,-0.11059137
0.36875,-0.12193408
0.37000,-0.13327678
0.37125,-0.12051624
0.37250,-0.1077557
0.37375,-0.094995153
0.37500,-0.08223461
0.37625,-0.045607126
0.37750,-0.008979641
0.37875,0.027647843
0.38000,0.064275327
0.38125,0.089245032
0.38250,0.11421474
0.38375,0.13918444
0.38500,0.16415414
0.38625,0.091686864
0.38750,0.019219583
0.38875,-0.053247698
0.39000,-0.12571498
0.39125,-0.10184804
0.39250,-0.077981095
0.39375,-0.054114154
0.39500,-0.030247213
0.39625,-0.004095977
0.39750,0.022055259
0.39875,0.048206495
0.40000,0.074357731
0.40125,0.11728672
0.40250,0.16021571
0.40375,0.20314469
0.40500,0.24607368
0.40625,0.22039506
0.40750,0.19471643
0.40875,0.16903781
0.41000,0.14335919
0.41125,0.061124576
0.41250,-0.021110034
0.41375,-0.10334464
0.41500,-0.18557925
0.41625,-0.16399661
0.41750,-0.14241396
0.41875,-0.12083131
0.42000,-0.099248667
0.42125,-0.057501212
0.42250,-0.015753757
0.42375,0.025993698
0.42500,0.067741154
0.42625,0.10933107
0.42750,0.15092099
0.42875,0.19251091
0.43000,0.23410082
0.43125,0.27340645
0.43250,0.31271207
0.43375,0.35201769
0.43500,0.39132332
0.43625,0.25198134
0.43750,0.11263936
0.43875,-0.026702618
0.44000,-0.1660446
0.44125,-0.13500969
0.44250,-0.10397479
0.44375,-0.072939893
0.44500,-0.041904993
0.44625,-0.06277872
0.44750,-0.083652448
0.44875,-0.10452618
0.45000,-0.1253999
0.45125,-0.14454072
0.45250,-0.16368153
0.45375,-0.18282235
0.45500,-0.20196316
0.45625,-0.15005453
0.45750,-0.098145904
0.45875,-0.046237276
0.46000,0.005671352
0.46125,0.078768783
0.46250,0.15186621
0.46375,0.22496365
0.46500,0.29806108
0.46625,0.22764178
0.46750,0.15722249
0.46875,0.086803199
0.47000,0.016383907
0.47125,-0.10759816
0.47250,-0.23158022
0.47375,-0.35556229
0.47500,-0.47954435
0.47625,-0.3981762
0.47750,-0.31680805
0.47875,-0.23543989
0.48000,-0.15407174
0.48125,-0.12335191
0.48250,-0.092632089
0.48375,-0.061912264
0.48500,-0.031192438
0.48625,0.019377121
0.48750,0.06994668
0.48875,0.12051624
0.49000,0.1710858
0.49125,0.12311561
0.49250,0.075145419
0.49375,0.02717523
0.49500,-0.020794959
0.49625,-0.032846583
0.49750,-0.044898206
0.49875,-0.05694983
0.50000,-0.069001454
0.50125,-0.052538778
0.50250,-0.036076103
0.50375,-0.019613427
0.50500,-0.003150751
0.50625,-0.011894086
0.50750,-0.020637421
0.50875,-0.029380756
0.51000,-0.038124091
0.51125,-0.070261755
0.51250,-0.10239942
0.51375,-0.13453708
0.51500,-0.16667475
0.51625,-0.15856156
0.51750,-0.15044838
0.51875,-0.14233519
0.52000,-0.13422201
0.52125,-0.10641663
0.52250,-0.078611246
0.52375,-0.050805865
0.52500,-0.023000485
0.52625,0.00063015
0.52750,0.024260785
0.52875,0.04789142
0.53000,0.071522055
0.53125,0.078374939
0.53250,0.085227824
0.53375,0.092080708
0.53500,0.098933592
0.53625,0.026466311
0.53750,-0.046000969
0.53875,-0.11846825
0.54000,-0.19093553
0.54125,-0.15667111
0.54250,-0.12240669
0.54375,-0.088142269
0.54500,-0.053877848
0.54625,-0.028671837
0.54750,-0.003465827
0.54875,0.021740184
0.55000,0.046946195
0.55125,0.054192923
0.55250,0.061439651
0.55375,0.068686379
0.55500,0.075933107
0.55625,0.069316529
0.55750,0.062699952
0.55875,0.056083374
0.56000,0.049466796
0.56125,0.077193408
0.56250,0.10492002
0.56375,0.13264663
0.56500,0.16037324
0.56625,0.12839312
0.56750,0.096412991
0.56875,0.064432865
0.57000,0.032452739
0.57125,0.001575376
0.57250,-0.029301987
0.57375,-0.06017935
0.57500,-0.091056714
0.57625,-0.07963524
0.57750,-0.068213766
0.57875,-0.056792293
0.58000,-0.045370819
0.58125,-0.053011391
0.58250,-0.060651963
0.58375,-0.068292535
0.58500,-0.075933107
0.58625,-0.073570044
0.58750,-0.07120698
0.58875,-0.068843917
0.59000,-0.066480853
0.59125,-0.031034901
0.59250,0.004411052
0.59375,0.039857004
0.59500,0.075302957
0.59625,-0.011815317
0.59750,-0.098933592
0.59875,-0.18605187
0.60000,-0.27317014
0.60125,-0.26631726
0.60250,-0.25946437
0.60375,-0.25261149
0.60500,-0.2457586
0.60625,-0.20479884
0.60750,-0.16383907
0.60875,-0.1228793
0.61000,-0.081919535
0.61125,-0.059706738
0.61250,-0.037493941
0.61375,-0.015281144
0.61500,0.006931653
0.61625,0.052381241
0.61750,0.097830829
0.61875,0.14328042
0.62000,0.18873
0.62125,0.086015511
0.62250,-0.016698982
0.62375,-0.11941348
0.62500,-0.22212797
0.62625,-0.23733034
0.62750,-0.25253272
0.62875,-0.26773509
0.63000,-0.28293747
0.63125,-0.23008362
0.63250,-0.17722976
0.63375,-0.12437591
0.63500,-0.071522055
0.63625,-0.058840281
0.63750,-0.046158507
0.63875,-0.033476733
0.64000,-0.020794959
0.64125,0.046237276
0.64250,0.11326951
0.64375,0.18030175
0.64500,0.24733398
0.64625,0.18794232
0.64750,0.12855065
0.64875,0.069158992
0.65000,0.009767329
0.65125,-0.021503878
0.65250,-0.052775085
0.65375,-0.084046292
0.65500,-0.1153175
0.65625,-0.10334464
0.65750,-0.091371789
0.65875,-0.079398934
0.66000,-0.067426079
0.66125,-0.11413597
0.66250,-0.16084586
0.66375,-0.20755574
0.66500,-0.25426563
0.66625,-0.19904872
0.66750,-0.1438318
0.66875,-0.088614881
0.67000,-0.033397964
0.67125,-0.001260301
0.67250,0.030877363
0.67375,0.063015027
0.67500,0.09515269
0.67625,0.15485943
0.67750,0.21456617
0.67875,0.2742729
0.68000,0.33397964
0.68125,0.30396873
0.68250,0.27395783
0.68375,0.24394692
0.68500,0.21393602
0.68625,0.070970674
0.68750,-0.071994668
0.68875,-0.21496001
0.69000,-0.35792535
0.69125,-0.30727702
0.69250,-0.2566287
0.69375,-0.20598037
0.69500,-0.15533204
0.69625,-0.081761997
0.69750,-0.008191954
0.69875,0.06537809
0.70000,0.13894813
0.70125,0.19290475
0.70250,0.24686137
0.70375,0.30081798
0.70500,0.3547746
0.70625,0.28853005
0.70750,0.22228551
0.70875,0.15604096
0.71000,0.089796413
0.71125,0.077981095
0.71250,0.066165778
0.71375,0.05435046
0.71500,0.042535143
0.71625,0.034106883
0.71750,0.025678623
0.71875,0.017250364
0.72000,0.008822104
0.72125,-0.012603005
0.72250,-0.034028114
0.72375,-0.055453223
0.72500,-0.076878333
0.72625,-0.072309743
0.72750,-0.067741154
0.72875,-0.063172564
0.73000,-0.058603975
0.73125,-0.03757271
0.73250,-0.016541444
0.73375,0.004489821
0.73500,0.025521086
0.73625,0.024969704
0.73750,0.024418323
0.73875,0.023866941
0.74000,0.02331556
0.74125,0.020007271
0.74250,0.016698982
0.74375,0.013390693
0.74500,0.010082404
0.74625,0.017014057
0.74750,0.02394571
0.74875,0.030877363
0.75000,0.037809016
0.75125,0.013627
0.75250,-0.010555017
0.75375,-0.034737033
0.75500,-0.05891905
0.75625,-0.039069317
0.75750,-0.019219583
0.75875,0.00063015
0.76000,0.020479884
0.76125,0.042692681
0.76250,0.064905477
0.76375,0.087118274
0.76500,0.10933107
0.76625,0.11500242
0.76750,0.12067378
0.76875,0.12634513
0.77000,0.13201648
0.77125,0.11602642
0.77250,0.10003635
0.77375,0.084046292
0.77500,0.068056229
0.77625,0.048994183
0.77750,0.029932138
0.77875,0.010870092
0.78000,-0.008191954
0.78125,-0.047970189
0.78250,-0.087748425
0.78375,-0.12752666
0.78500,-0.1673049
0.78625,-0.1786476
0.78750,-0.18999031
0.78875,-0.20133301
0.79000,-0.21267571
0.79125,-0.17856883
0.79250,-0.14446195
0.79375,-0.11035507
0.79500,-0.076248182
0.79625,-0.059864275
0.79750,-0.043480368
0.79875,-0.027096461
0.80000,-0.010712555
0.80125,-0.026151236
0.80250,-0.041589918
0.80375,-0.057028599
0.80500,-0.072467281
0.80625,-0.13477339
0.80750,-0.1970795
0.80875,-0.2593856
0.81000,-0.32169171
0.81125,-0.29309864
0.81250,-0.26450557
0.81375,-0.23591251
0.81500,-0.20731944
0.81625,-0.15328405
0.81750,-0.099248667
0.81875,-0.045213282
0.82000,0.008822104
0.82125,0.065535628
0.82250,0.12224915
0.82375,0.17896268
0.82500,0.2356762
0.82625,0.3063318
0.82750,0.3769874
0.82875,0.447643
0.83000,0.51829859
0.83125,0.53869971
0.83250,0.55910082
0.83375,0.57950194
0.83500,0.59990305
0.83625,0.3583192
0.83750,0.11673534
0.83875,-0.12484852
0.84000,-0.36643238
0.84125,-0.26411173
0.84250,-0.16179108
0.84375,-0.059470431
0.84500,0.042850218
0.84625,0.10578648
0.84750,0.16872273
0.84875,0.23165899
0.85000,0.29459525
0.85125,0.32704799
0.85250,0.35950073
0.85375,0.39195347
0.85500,0.4244062
0.85625,0.37911415
0.85750,0.3338221
0.85875,0.28853005
0.86000,0.243238
0.86125,0.22299443
0.86250,0.20275085
0.86375,0.18250727
0.86500,0.16226369
0.86625,0.1178381
0.86750,0.073412506
0.86875,0.028986912
0.87000,-0.015438682
0.87125,-0.001339069
0.87250,0.012760543
0.87375,0.026860155
0.87500,0.040959767
0.87625,0.013784537
0.87750,-0.013390693
0.87875,-0.040565923
0.88000,-0.067741154
0.88125,-0.066717159
0.88250,-0.065693165
0.88375,-0.064669171
0.88500,-0.063645177
0.88625,-0.076799564
0.88750,-0.089953951
0.88875,-0.10310834
0.89000,-0.11626272
0.89125,-0.096176684
0.89250,-0.076090645
0.89375,-0.056004605
0.89500,-0.035918565
0.89625,-0.030719825
0.89750,-0.025521086
0.89875,-0.020322346
0.90000,-0.015123606
0.90125,0.000945225
0.90250,0.017014057
0.90375,0.033082889
0.90500,0.049151721
0.90625,0.058131362
0.90750,0.067111003
0.90875,0.076090645
0.91000,0.085070286
0.91125,0.06994668
0.91250,0.054823073
0.91375,0.039699467
0.91500,0.02457586
0.91625,0.003623364
0.91750,-0.017329132
0.91875,-0.038281629
0.92000,-0.059234125
0.92125,-0.045134513
0.92250,-0.031034901
0.92375,-0.016935288
0.92500,-0.002835676
0.92625,-0.055768299
0.92750,-0.10870092
0.92875,-0.16163354
0.93000,-0.21456617
0.93125,-0.19440136
0.93250,-0.17423655
0.93375,-0.15407174
0.93500,-0.13390693
0.93625,-0.089166263
0.93750,-0.044425594
0.93875,0.000315075
0.94000,0.045055744
0.94125,0.065771934
0.94250,0.086488124
0.94375,0.10720431
0.94500,0.1279205
0.94625,0.058603975
0.94750,-0.010712555
0.94875,-0.080029084
0.95000,-0.14934561
0.95125,-0.17195225
0.95250,-0.19455889
0.95375,-0.21716554
0.95500,-0.23977218
0.95625,-0.20535022
0.95750,-0.17092826
0.95875,-0.1365063
0.96000,-0.10208434
0.96125,-0.069710373
0.96250,-0.037336403
0.96375,-0.004962433
0.96500,0.027411537
0.96625,0.069631604
0.96750,0.11185167
0.96875,0.15407174
0.97000,0.19629181
0.97125,0.22748425
0.97250,0.25867668
0.97375,0.28986912
0.97500,0.32106156
0.97625,0.23417959
0.97750,0.14729762
0.97875,0.060415657
0.98000,-0.026466311
0.98125,-0.06088827
0.98250,-0.095310228
0.98375,-0.12973219
0.98500,-0.16415414
0.98625,-0.14162627
0.98750,-0.1190984
0.98875,-0.096570528
0.99000,-0.074042656
0.99125,-0.028199224
0.99250,0.017644207
0.99375,0.063487639
0.99500,0.10933107
0.99625,0.10783446
0.99750,0.10633786
0.99875,0.10484125
1.00000,0.10334464
1.00125,0.081840766
1.00250,0.060336888
1.00375,0.03883301
1.00500,0.017329132
1.00625,0.041904993
1.00750,0.066480853
1.00875,0.091056714
1.01000,0.11563257
1.01125,0.10389603
1.01250,0.092159476
1.01375,0.080422928
1.01500,0.068686379
1.01625,0.019692196
1.01750,-0.029301987
1.01875,-0.078296171
1.02000,-0.12729035
1.02125,-0.12799927
1.02250,-0.12870819
1.02375,-0.12941711
1.02500,-0.13012603
1.02625,-0.099248667
1.02750,-0.068371304
1.02875,-0.037493941
1.03000,-0.006616578
1.03125,0.014020843
1.03250,0.034658265
1.03375,0.055295686
1.03500,0.075933107
1.03625,0.039384392
1.03750,0.002835676
1.03875,-0.033713039
1.04000,-0.070261755
1.04125,-0.05309016
1.04250,-0.035918565
1.04375,-0.01874697
1.04500,-0.001575376
1.04625,0.046788657
1.04750,0.09515269
1.04875,0.14351672
1.05000,0.19188076
1.05125,0.1387906
1.05250,0.085700436
1.05375,0.032610276
1.05500,-0.020479884
1.05625,-0.059155356
1.05750,-0.097830829
1.05875,-0.1365063
1.06000,-0.17518177
1.06125,-0.12988972
1.06250,-0.084597673
1.06375,-0.039305623
1.06500,0.005986428
1.06625,0.043480368
1.06750,0.080974309
1.06875,0.11846825
1.07000,0.15596219
1.07125,0.11878333
1.07250,0.08160446
1.07375,0.044425594
1.07500,0.007246728
1.07625,-0.052853854
1.07750,-0.11295444
1.07875,-0.17305502
1.08000,-0.2331556
1.08125,-0.18660325
1.08250,-0.1400509
1.08375,-0.093498546
1.08500,-0.046946195
1.08625,-0.03946316
1.08750,-0.031980126
1.08875,-0.024497092
1.09000,-0.017014057
1.09125,0.001260301
1.09250,0.019534658
1.09375,0.037809016
1.09500,0.056083374
1.09625,0.029065681
1.09750,0.002047988
1.09875,-0.024969704
1.10000,-0.051987397
1.10125,-0.051514784
1.10250,-0.051042172
1.10375,-0.050569559
1.10500,-0.050096946
1.10625,-0.030798594
1.10750,-0.011500242
1.10875,0.00779811
1.11000,0.027096461
1.11125,0.055138148
1.11250,0.083179835
1.11375,0.11122152
1.11500,0.13926321
1.11625,0.10893723
1.11750,0.078611246
1.11875,0.048285264
1.12000,0.017959283
1.12125,-0.007010422
1.12250,-0.031980126
1.12375,-0.05694983
1.12500,-0.081919535
1.12625,-0.052538778
1.12750,-0.023158022
1.12875,0.006222734
1.13000,0.03560349
1.13125,0.061124576
1.13250,0.086645662
1.13375,0.11216675
1.13500,0.13768783
1.13625,0.12571498
1.13750,0.11374212
1.13875,0.10176927
1.14000,0.089796413
1.14125,0.070025448
1.14250,0.050254484
1.14375,0.030483519
1.14500,0.010712555
1.14625,-0.002520601
1.14750,-0.015753757
1.14875,-0.028986912
1.15000,-0.042220068
1.15125,-0.036391178
1.15250,-0.030562288
1.15375,-0.024733398
1.15500,-0.018904508
1.15625,-0.011263936
1.15750,-0.003623364
1.15875,0.004017208
1.16000,0.01165778
1.16125,0.01291808
1.16250,0.014178381
1.16375,0.015438682
1.16500,0.016698982
1.16625,0.003702133
1.16750,-0.009294716
1.16875,-0.022291566
1.17000,-0.035288415
1.17125,-0.035761028
1.17250,-0.03623364
1.17375,-0.036706253
1.17500,-0.037178866
1.17625,-0.028356762
1.17750,-0.019534658
1.17875,-0.010712555
1.18000,-0.001890451
1.18125,-0.004804896
1.18250,-0.007719341
1.18375,-0.010633786
1.18500,-0.013548231
1.18625,-0.022842947
1.18750,-0.032137664
1.18875,-0.04143238
1.19000,-0.050727096
1.19125,-0.026151236
1.19250,-0.001575376
1.19375,0.023000485
1.19500,0.047576345
1.19625,0.072230974
1.19750,0.096885603
1.19875,0.12154023
1.20000,0.14619486
1.20125,0.14233519
1.20250,0.13847552
1.20375,0.13461585
1.20500,0.13075618
1.20625,0.098854823
1.20750,0.066953466
1.20875,0.035052109
1.21000,0.003150751
1.21125,-0.021897722
1.21250,-0.046946195
1.21375,-0.071994668
1.21500,-0.097043141
1.21625,-0.078217402
1.21750,-0.059391663
1.21875,-0.040565923
1.22000,-0.021740184
1.22125,-0.001732913
1.22250,0.018274358
1.22375,0.038281629
1.22500,0.0582889
1.22625,0.071679593
1.22750,0.085070286
1.22875,0.098460979
1.23000,0.11185167
1.23125,0.096885603
1.23250,0.081919535
1.23375,0.066953466
1.23500,0.051987397
1.23625,0.05505938
1.23750,0.058131362
1.23875,0.061203345
1.24000,0.064275327
1.24125,0.039620698
1.24250,0.014966069
1.24375,-0.00968856
1.24500,-0.03434319
1.24625,-0.02914445
1.24750,-0.02394571
1.24875,-0.01874697
1.25000,-0.013548231
1.25125,0.023866941
1.25250,0.061282113
1.25375,0.098697286
1.25500,0.13611246
1.25625,0.13540354
1.25750,0.13469462
1.25875,0.1339857
1.26000,0.13327678
1.26125,0.09712191
1.26250,0.060967038
1.26375,0.024812167
1.26500,-0.011342705
1.26625,-0.020637421
1.26750,-0.029932138
1.26875,-0.039226854
1.27000,-0.048521571
1.27125,-0.032058895
1.27250,-0.015596219
1.27375,0.000866457
1.27500,0.017329132
1.27625,0.006774115
1.27750,-0.003780902
1.27875,-0.014335919
1.28000,-0.024890936
1.28125,-0.048127727
1.28250,-0.071364518
1.28375,-0.094601309
1.28500,-0.1178381
1.28625,-0.074594038
1.28750,-0.031349976
1.28875,0.011894086
1.29000,0.055138148
1.29125,0.081131847
1.29250,0.10712555
1.29375,0.13311924
1.29500,0.15911294
1.29625,0.053877848
1.29750,-0.051357247
1.29875,-0.15659234
1.30000,-0.26182744
1.30125,-0.2493032
1.30250,-0.23677896
1.30375,-0.22425473
1.30500,-0.21173049
1.30625,-0.17715099
1.30750,-0.1425715
1.30875,-0.107992
1.31000,-0.073412506
1.31125,-0.043874212
1.31250,-0.014335919
1.31375,0.015202375
1.31500,0.044740669
1.31625,0.080501697
1.31750,0.11626272
1.31875,0.15202375
1.32000,0.18778478
1.32125,0.13500969
1.32250,0.08223461
1.32375,0.029459525
1.32500,-0.02331556
1.32625,-0.010791323
1.32750,0.001732913
1.32875,0.01425715
1.33000,0.026781386
1.33125,0.057579981
1.33250,0.088378575
1.33375,0.11917717
1.33500,0.14997576
1.33625,0.11689287
1.33750,0.083809985
1.33875,0.050727096
1.34000,0.017644207
1.34125,-0.040565923
1.34250,-0.098776054
1.34375,-0.15698619
1.34500,-0.21519632
1.34625,-0.17982913
1.34750,-0.14446195
1.34875,-0.10909476
1.35000,-0.073727581
1.35125,-0.026860155
1.35250,0.020007271
1.35375,0.066874697
1.35500,0.11374212
1.35625,0.095546534
1.35750,0.077350945
1.35875,0.059155356
1.36000,0.040959767
1.36125,0.029695831
1.36250,0.018431895
1.36375,0.007167959
1.36500,-0.004095977
1.36625,-0.010791323
1.36750,-0.01748667
1.36875,-0.024182016
1.37000,-0.030877363
1.37125,-0.010082404
1.37250,0.010712555
1.37375,0.031507513
1.37500,0.052302472
1.37625,0.05372031
1.37750,0.055138148
1.37875,0.056555986
1.38000,0.057973825
1.38125,0.057501212
1.38250,0.057028599
1.38375,0.056555986
1.38500,0.056083374
1.38625,0.032295201
1.38750,0.008507029
1.38875,-0.015281144
1.39000,-0.039069317
1.39125,-0.054507998
1.39250,-0.06994668
1.39375,-0.085385361
1.39500,-0.10082404
1.39625,-0.071364518
1.39750,-0.041904993
1.39875,-0.012445468
1.40000,0.017014057
1.40125,0.051751091
1.40250,0.086488124
1.40375,0.12122516
1.40500,0.15596219
1.40625,0.14556471
1.40750,0.13516723
1.40875,0.12476975
1.41000,0.11437227
1.41125,0.10098158
1.41250,0.087590887
1.41375,0.074200194
1.41500,0.060809501
1.41625,0.056555986
1.41750,0.052302472
1.41875,0.048048958
1.42000,0.043795444
1.42125,-0.003387058
1.42250,-0.050569559
1.42375,-0.09775206
1.42500,-0.14493456
1.42625,-0.14414687
1.42750,-0.14335919
1.42875,-0.1425715
1.43000,-0.14178381
1.43125,-0.076169413
1.43250,-0.010555017
1.43375,0.05505938
1.43500,0.12067378
1.43625,0.098618517
1.43750,0.076563257
1.43875,0.054507998
1.44000,0.032452739
1.44125,-0.040250848
1.44250,-0.11295444
1.44375,-0.18565802
1.44500,-0.25836161
1.44625,-0.20054532
1.44750,-0.14272904
1.44875,-0.084912748
1.45000,-0.027096461
1.45125,-0.015359913
1.45250,-0.003623364
1.45375,0.008113185
1.45500,0.019849733
1.45625,0.027017693
1.45750,0.034185652
1.45875,0.041353611
1.46000,0.048521571
1.46125,0.059155356
1.46250,0.069789142
1.46375,0.080422928
1.46500,0.091056714
1.46625,0.075933107
1.46750,0.060809501
1.46875,0.045685894
1.47000,0.030562288
1.47125,-0.012366699
1.47250,-0.055295686
1.47375,-0.098224673
1.47500,-0.14115366
1.47625,-0.12169777
1.47750,-0.10224188
1.47875,-0.082785991
1.48000,-0.063330102
1.48125,-0.020637421
1.48250,0.022055259
1.48375,0.06474794
1.48500,0.10744062
1.48625,0.13390693
1.48750,0.16037324
1.48875,0.18683955
1.49000,0.21330587
1.49125,0.16013694
1.49250,0.10696801
1.49375,0.053799079
1.49500,0.00063015
1.49625,-0.060494426
1.49750,-0.121619
1.49875,-0.18274358
1.50000,-0.24386815
1.50125,-0.22890208
1.50250,-0.21393602
1.50375,-0.19896995
1.50500,-0.18400388
1.50625,-0.15036961
1.50750,-0.11673534
1.50875,-0.083101066
1.51000,-0.049466796
1.51125,0
1.51250,0.049466796
1.51375,0.098933592
1.51500,0.14840039
1.51625,0.17037688
1.51750,0.19235337
1.51875,0.21432986
1.52000,0.23630635
1.52125,0.12343068
1.52250,0.010555017
1.52375,-0.10232065
1.52500,-0.21519632
1.52625,-0.21338463
1.52750,-0.21157295
1.52875,-0.20976127
1.53000,-0.20794959
1.53125,-0.14391057
1.53250,-0.079871546
1.53375,-0.015832525
1.53500,0.048206495
1.53625,0.058052593
1.53750,0.067898691
1.53875,0.077744789
1.54000,0.087590887
1.54125,0.10090281
1.54250,0.11421474
1.54375,0.12752666
1.54500,0.14083858
1.54625,0.11925594
1.54750,0.097673291
1.54875,0.076090645
1.55000,0.054507998
1.55125,-0.005592584
1.55250,-0.065693165
1.55375,-0.12579375
1.55500,-0.18589433
1.55625,-0.19763088
1.55750,-0.20936743
1.55875,-0.22110397
1.56000,-0.23284052
1.56125,-0.19180199
1.56250,-0.15076345
1.56375,-0.10972492
1.56500,-0.068686379
1.56625,-0.014414687
1.56750,0.039857004
1.56875,0.094128696
1.57000,0.14840039
1.57125,0.17502424
1.57250,0.20164809
1.57375,0.22827193
1.57500,0.25489578
1.57625,0.20251454
1.57750,0.1501333
1.57875,0.09775206
1.58000,0.045370819
1.58125,-0.016147601
1.58250,-0.07766602
1.58375,-0.13918444
1.58500,-0.20070286
1.58625,-0.17447286
1.58750,-0.14824285
1.58875,-0.12201285
1.59000,-0.095782841
1.59125,-0.068450073
1.59250,-0.041117305
1.59375,-0.013784537
1.59500,0.013548231
1.59625,0.067898691
1.59750,0.12224915
1.59875,0.17659961
1.60000,0.23095007
1.60125,0.21637785
1.60250,0.20180562
1.60375,0.1872334
1.60500,0.17266117
1.60625,0.080738003
1.60750,-0.011185167
1.60875,-0.10310834
1.61000,-0.19503151
1.61125,-0.17313379
1.61250,-0.15123606
1.61375,-0.12933834
1.61500,-0.10744062
1.61625,-0.081053078
1.61750,-0.054665536
1.61875,-0.028277993
1.62000,-0.001890451
1.62125,0.034579496
1.62250,0.071049443
1.62375,0.10751939
1.62500,0.14398934
1.62625,0.17116457
1.62750,0.1983398
1.62875,0.22551503
1.63000,0.25269026
1.63125,0.22000121
1.63250,0.18731217
1.63375,0.15462312
1.63500,0.12193408
1.63625,0.084046292
1.63750,0.046158507
1.63875,0.008270722
1.64000,-0.029617063
1.64125,0.006616578
1.64250,0.042850218
1.64375,0.079083858
1.64500,0.1153175
1.64625,0.090032719
1.64750,0.06474794
1.64875,0.03946316
1.65000,0.014178381
1.65125,-0.057579981
1.65250,-0.12933834
1.65375,-0.2010967
1.65500,-0.27285507
1.65625,-0.20353854
1.65750,-0.13422201
1.65875,-0.064905477
1.66000,0.004411052
1.66125,0.061282113
1.66250,0.11815317
1.66375,0.17502424
1.66500,0.2318953
1.66625,0.2109428
1.66750,0.18999031
1.66875,0.16903781
1.67000,0.14808531
1.67125,0.092395783
1.67250,0.036706253
1.67375,-0.018983277
1.67500,-0.074672807
1.67625,-0.089560107
1.67750,-0.10444741
1.67875,-0.11933471
1.68000,-0.13422201
1.68125,-0.10744062
1.68250,-0.080659234
1.68375,-0.053877848
1.68500,-0.027096461
1.68625,0.010239942
1.68750,0.047576345
1.68875,0.084912748
1.69000,0.12224915
1.69125,0.067504847
1.69250,0.012760543
1.69375,-0.041983762
1.69500,-0.096728066
1.69625,-0.16966796
1.69750,-0.24260785
1.69875,-0.31554775
1.70000,-0.38848764
1.70125,-0.31877727
1.70250,-0.24906689
1.70375,-0.17935652
1.70500,-0.10964615
1.70625,-0.055374455
1.70750,-0.001102763
1.70875,0.053168929
1.71000,0.10744062
1.71125,0.16722613
1.71250,0.22701163
1.71375,0.28679714
1.71500,0.34658265
1.71625,0.2293747
1.71750,0.11216675
1.71875,-0.005041202
1.72000,-0.12224915
1.72125,-0.17573316
1.72250,-0.22921716
1.72375,-0.28270116
1.72500,-0.33618517
1.72625,-0.29309864
1.72750,-0.25001212
1.72875,-0.20692559
1.73000,-0.16383907
1.73125,-0.13729399
1.73250,-0.11074891
1.73375,-0.084203829
1.73500,-0.057658749
1.73625,-0.000787688
1.73750,0.056083374
1.73875,0.11295444
1.74000,0.1698255
1.74125,0.16084586
1.74250,0.15186621
1.74375,0.14288657
1.74500,0.13390693
1.74625,0.076484489
1.74750,0.019062046
1.74875,-0.038360397
1.75000,-0.095782841
1.75125,-0.093971159
1.75250,-0.092159476
1.75375,-0.090347794
1.75500,-0.088536112
1.75625,-0.068134998
1.75750,-0.047733883
1.75875,-0.027332768
1.76000,-0.006931653
1.76125,0.037966554
1.76250,0.08286476
1.76375,0.12776297
1.76500,0.17266117
1.76625,0.15084222
1.76750,0.12902327
1.76875,0.10720431
1.77000,0.085385361
1.77125,0.06994668
1.77250,0.054507998
1.77375,0.039069317
1.77500,0.023630635
1.77625,-0.006931653
1.77750,-0.037493941
1.77875,-0.068056229
1.78000,-0.098618517
1.78125,-0.072782356
1.78250,-0.046946195
1.78375,-0.021110034
1.78500,0.004726127
1.78625,-0.023866941
1.78750,-0.05246001
1.78875,-0.081053078
1.79000,-0.10964615
1.79125,-0.1067317
1.79250,-0.10381726
1.79375,-0.10090281
1.79500,-0.097988366
1.79625,-0.069867911
1.79750,-0.041747455
1.79875,-0.013627
1.80000,0.014493456
1.80125,0.034028114
1.80250,0.053562773
1.80375,0.073097431
1.80500,0.092632089
1.80625,0.076248182
1.80750,0.059864275
1.80875,0.043480368
1.81000,0.027096461
1.81125,0.059076587
1.81250,0.091056714
1.81375,0.12303684
1.81500,0.15501697
1.81625,0.13170141
1.81750,0.10838585
1.81875,0.085070286
1.82000,0.061754726
1.82125,0.006537809
1.82250,-0.048679108
1.82375,-0.10389603
1.82500,-0.15911294
1.82625,-0.10373849
1.82750,-0.048364033
1.82875,0.007010422
1.83000,0.062384876
1.83125,0.078217402
1.83250,0.094049927
1.83375,0.10988245
1.83500,0.12571498
1.83625,0.11161537
1.83750,0.097515754
1.83875,0.083416142
1.84000,0.069316529
1.84125,0.04789142
1.84250,0.026466311
1.84375,0.005041202
1.84500,-0.016383907
1.84625,-0.062069801
1.84750,-0.1077557
1.84875,-0.15344159
1.85000,-0.19912748
1.85125,-0.16588706
1.85250,-0.13264663
1.85375,-0.099406205
1.85500,-0.066165778
1.85625,-0.05112094
1.85750,-0.036076103
1.85875,-0.021031265
1.86000,-0.005986428
1.86125,-0.022449103
1.86250,-0.038911779
1.86375,-0.055374455
1.86500,-0.07183713
1.86625,-0.099957586
1.86750,-0.12807804
1.86875,-0.1561985
1.87000,-0.18431895
1.87125,-0.1849491
1.87250,-0.18557925
1.87375,-0.1862094
1.87500,-0.18683955
1.87625,-0.14603732
1.87750,-0.10523509
1.87875,-0.064432865
1.88000,-0.023630635
1.88125,-0.03434319
1.88250,-0.045055744
1.88375,-0.055768299
1.88500,-0.066480853
1.88625,-0.059076587
1.88750,-0.051672322
1.88875,-0.044268056
1.89000,-0.036863791
1.89125,-0.018589433
1.89250,-0.000315075
1.89375,0.017959283
1.89500,0.03623364
1.89625,0.078453708
1.89750,0.12067378
1.89875,0.16289384
1.90000,0.20511391
1.90125,0.17124333
1.90250,0.13737276
1.90375,0.10350218
1.90500,0.069631604
1.90625,-0.007483034
1.90750,-0.084597673
1.90875,-0.16171231
1.91000,-0.23882695
1.91125,-0.23898449
1.91250,-0.23914203
1.91375,-0.23929956
1.91500,-0.2394571
1.91625,-0.18873
1.91750,-0.13800291
1.91875,-0.087275812
1.92000,-0.036548715
1.92125,0.017722976
1.92250,0.071994668
1.92375,0.12626636
1.92500,0.18053805
1.92625,0.17856883
1.92750,0.17659961
1.92875,0.17463039
1.93000,0.17266117
1.93125,0.077114639
1.93250,-0.018431895
1.93375,-0.11397843
1.93500,-0.20952496
1.93625,-0.16163354
1.93750,-0.11374212
1.93875,-0.065850703
1.94000,-0.017959283
1.94125,0.025521086
1.94250,0.069001454
1.94375,0.11248182
1.94500,0.15596219
1.94625,0.12973219
1.94750,0.10350218
1.94875,0.077272176
1.95000,0.051042172
1.95125,0.032610276
1.95250,0.014178381
1.95375,-0.004253514
1.95500,-0.02268541
1.95625,-0.055295686
1.95750,-0.087905962
1.95875,-0.12051624
1.96000,-0.15312651
1.96125,-0.11799564
1.96250,-0.08286476
1.96375,-0.047733883
1.96500,-0.012603005
1.96625,0.004962433
1.96750,0.022527872
1.96875,0.040093311
1.97000,0.057658749
1.97125,0.045370819
1.97250,0.033082889
1.97375,0.020794959
1.97500,0.008507029
1.97625,0.017880514
1.97750,0.027253999
1.97875,0.036627484
1.98000,0.046000969
1.98125,0.022449103
1.98250,-0.001102763
1.98375,-0.024654629
1.98500,-0.048206495
1.98625,-0.066717159
1.98750,-0.085227824
1.98875,-0.10373849
1.99000,-0.12224915
1.99125,-0.1501333
1.99250,-0.17801745
1.99375,-0.2059016
1.99500,-0.23378575
1.99625,-0.21787445
1.99750,-0.20196316
1.99875,-0.18605187
2.00000,-0.17014057
2.00125,-0.095310228
2.00250,-0.020479884
2.00375,0.05435046
2.00500,0.1291808
2.00625,0.12098885
2.00750,0.1127969
2.00875,0.10460494
2.01000,0.096412991
2.01125,0.06600824
2.01250,0.03560349
2.01375,0.00519874
2.01500,-0.025206011
2.01625,-0.015990063
2.01750,-0.006774115
2.01875,0.002441832
2.02000,0.01165778
2.02125,-0.006774115
2.02250,-0.025206011
2.02375,-0.043637906
2.02500,-0.062069801
2.02625,-0.047576345
2.02750,-0.033082889
2.02875,-0.018589433
2.03000,-0.004095977
2.03125,0.016935288
2.03250,0.037966554
2.03375,0.058997819
2.03500,0.080029084
2.03625,0.068922685
2.03750,0.057816287
2.03875,0.046709889
2.04000,0.03560349
2.04125,0.031113669
2.04250,0.026623849
2.04375,0.022134028
2.04500,0.017644207
2.04625,0.009137179
2.04750,0.00063015
2.04875,-0.007876878
2.05000,-0.016383907
2.05125,-0.044819438
2.05250,-0.073254968
2.05375,-0.1016905
2.05500,-0.13012603
2.05625,-0.1102763
2.05750,-0.090426563
2.05875,-0.07057683
2.06000,-0.050727096
2.06125,-0.01874697
2.06250,0.013233156
2.06375,0.045213282
2.06500,0.077193408
2.06625,0.043322831
2.06750,0.009452254
2.06875,-0.024418323
2.07000,-0.0582889
2.07125,-0.028908143
2.07250,0.000472613
2.07375,0.029853369
2.07500,0.059234125
2.07625,0.074987882
2.07750,0.090741638
2.07875,0.1064954
2.08000,0.12224915
2.08125,0.13107126
2.08250,0.13989336
2.08375,0.14871546
2.08500,0.15753757
2.08625,0.1165778
2.08750,0.075618032
2.08875,0.034658265
2.09000,-0.006301503
2.09125,-0.019613427
2.09250,-0.032925351
2.09375,-0.046237276
2.09500,-0.0595492
2.09625,-0.03757271
2.09750,-0.015596219
2.09875,0.006380271
2.10000,0.028356762
2.10125,0.060494426
2.10250,0.092632089
2.10375,0.12476975
2.10500,0.15690742
2.10625,0.15422928
2.10750,0.15155114
2.10875,0.148873
2.11000,0.14619486
2.11125,0.1064954
2.11250,0.066795928
2.11375,0.027096461
2.11500,-0.012603005
2.11625,-0.043637906
2.11750,-0.074672807
2.11875,-0.10570771
2.12000,-0.13674261
2.12125,-0.1190984
2.12250,-0.10145419
2.12375,-0.083809985
2.12500,-0.066165778
2.12625,-0.045685894
2.12750,-0.025206011
2.12875,-0.004726127
2.13000,0.015753757
2.13125,0.043165293
2.13250,0.07057683
2.13375,0.097988366
2.13500,0.1253999
2.13625,0.14036597
2.13750,0.15533204
2.13875,0.17029811
2.14000,0.18526418
2.14125,0.14564348
2.14250,0.10602278
2.14375,0.066402084
2.14500,0.026781386
2.14625,-0.007561803
2.14750,-0.041904993
2.14875,-0.076248182
2.15000,-0.11059137
2.15125,-0.099169898
2.15250,-0.087748425
2.15375,-0.076326951
2.15500,-0.064905477
2.15625,-0.041589918
2.15750,-0.018274358
2.15875,0.005041202
2.16000,0.028356762
2.16125,0.041668686
2.16250,0.054980611
2.16375,0.068292535
2.16500,0.08160446
2.16625,0.073254968
2.16750,0.064905477
2.16875,0.056555986
2.17000,0.048206495
2.17125,0.039699467
2.17250,0.031192438
2.17375,0.02268541
2.17500,0.014178381
2.17625,0.003387058
2.17750,-0.007404266
2.17875,-0.018195589
2.18000,-0.028986912
2.18125,-0.023394329
2.18250,-0.017801745
2.18375,-0.012209161
2.18500,-0.006616578
2.18625,0.001890451
2.18750,0.010397479
2.18875,0.018904508
2.19000,0.027411537
2.19125,0.02457586
2.19250,0.021740184
2.19375,0.018904508
2.19500,0.016068832
2.19625,0.01748667
2.19750,0.018904508
2.19875,0.020322346
2.20000,0.021740184
2.20125,-0.002363064
2.20250,-0.026466311
2.20375,-0.050569559
2.20500,-0.074672807
2.20625,-0.058682744
2.20750,-0.042692681
2.20875,-0.026702618
2.21000,-0.010712555
2.21125,0.037415172
2.21250,0.085542899
2.21375,0.13367063
2.21500,0.18179835
2.21625,0.18455526
2.21750,0.18731217
2.21875,0.19006907
2.22000,0.19282598
2.22125,0.14863669
2.22250,0.10444741
2.22375,0.060258119
2.22500,0.016068832
2.22625,-0.010791323
2.22750,-0.037651478
2.22875,-0.064511634
2.23000,-0.091371789
2.23125,-0.11295444
2.23250,-0.13453708
2.23375,-0.15611973
2.23500,-0.17770238
2.23625,-0.16068832
2.23750,-0.14367426
2.23875,-0.1266602
2.24000,-0.10964615
2.24125,-0.068528841
2.24250,-0.027411537
2.24375,0.013705768
2.24500,0.054823073
2.24625,0.046788657
2.24750,0.038754241
2.24875,0.030719825
2.25000,0.02268541
2.25125,-0.024103248
2.25250,-0.070891905
2.25375,-0.11768056
2.25500,-0.16446922
2.25625,-0.10862215
2.25750,-0.052775085
2.25875,0.003071983
2.26000,0.05891905
2.26125,0.050254484
2.26250,0.041589918
2.26375,0.032925351
2.26500,0.024260785
2.26625,-0.019849733
2.26750,-0.063960252
2.26875,-0.10807077
2.27000,-0.15218129
2.27125,-0.12217038
2.27250,-0.092159476
2.27375,-0.06214857
2.27500,-0.032137664
2.27625,0.016383907
2.27750,0.064905477
2.27875,0.11342705
2.28000,0.16194862
2.28125,0.046079738
2.28250,-0.069789142
2.28375,-0.18565802
2.28500,-0.3015269
2.28625,-0.17305502
2.28750,-0.044583131
2.28875,0.083888754
2.29000,0.21236064
2.29125,0.20227824
2.29250,0.19219583
2.29375,0.18211343
2.29500,0.17203102
2.29625,0.12366699
2.29750,0.075302957
2.29875,0.026938924
2.30000,-0.021425109
2.30125,-0.015359913
2.30250,-0.009294716
2.30375,-0.00322952
2.30500,0.002835676
2.30625,-0.012051624
2.30750,-0.026938924
2.30875,-0.041826224
2.31000,-0.056713524
2.31125,-0.049309258
2.31250,-0.041904993
2.31375,-0.034500727
2.31500,-0.027096461
2.31625,-0.001496607
2.31750,0.024103248
2.31875,0.049703102
2.32000,0.075302957
2.32125,0.054901842
2.32250,0.034500727
2.32375,0.014099612
2.32500,-0.006301503
2.32625,-0.008664566
2.32750,-0.01102763
2.32875,-0.013390693
2.33000,-0.015753757
2.33125,-0.019534658
2.33250,-0.02331556
2.33375,-0.027096461
2.33500,-0.030877363
2.33625,-0.003938439
2.33750,0.023000485
2.33875,0.049939409
2.34000,0.076878333
2.34125,0.07120698
2.34250,0.065535628
2.34375,0.059864275
2.34500,0.054192923
2.34625,0.06151842
2.34750,0.068843917
2.34875,0.076169413
2.35000,0.08349491
2.35125,0.077429714
2.35250,0.071364518
2.35375,0.065299321
2.35500,0.059234125
2.35625,0.054429229
2.35750,0.049624333
2.35875,0.044819438
2.36000,0.040014542
2.36125,0.030010906
2.36250,0.020007271
2.36375,0.010003635
2.36500,0
2.36625,-0.006143965
2.36750,-0.01228793
2.36875,-0.018431895
2.37000,-0.02457586
2.37125,-0.031113669
2.37250,-0.037651478
2.37375,-0.044189287
2.37500,-0.050727096
2.37625,-0.031192438
2.37750,-0.01165778
2.37875,0.007876878
2.38000,0.027411537
2.38125,0.003780902
2.38250,-0.019849733
2.38375,-0.043480368
2.38500,-0.067111003
2.38625,-0.053562773
2.38750,-0.040014542
2.38875,-0.026466311
2.39000,-0.01291808
2.39125,0.016777751
2.39250,0.046473582
2.39375,0.076169413
2.39500,0.10586524
2.39625,0.097515754
2.39750,0.089166263
2.39875,0.080816772
2.40000,0.072467281
2.40125,0.078138633
2.40250,0.083809985
2.40375,0.089481338
2.40500,0.09515269
2.40625,0.082943529
2.40750,0.070734367
2.40875,0.058525206
2.41000,0.046316045
2.41125,0.041668686
2.41250,0.037021328
2.41375,0.03237397
2.41500,0.027726612
2.41625,0.016462676
2.41750,0.00519874
2.41875,-0.006065196
2.42000,-0.017329132
2.42125,-0.02457586
2.42250,-0.031822588
2.42375,-0.039069317
2.42500,-0.046316045
2.42625,-0.03757271
2.42750,-0.028829375
2.42875,-0.02008604
2.43000,-0.011342705
2.43125,-0.033949346
2.43250,-0.056555986
2.43375,-0.079162627
2.43500,-0.10176927
2.43625,-0.097909598
2.43750,-0.094049927
2.43875,-0.090190257
2.44000,-0.086330587
2.44125,-0.049309258
2.44250,-0.01228793
2.44375,0.024733398
2.44500,0.061754726
2.44625,0.069001454
2.44750,0.076248182
2.44875,0.08349491
2.45000,0.090741638
2.45125,0.061675957
2.45250,0.032610276
2.45375,0.003544595
2.45500,-0.025521086
2.45625,-0.037336403
2.45750,-0.049151721
2.45875,-0.060967038
2.46000,-0.072782356
2.46125,-0.042141299
2.46250,-0.011500242
2.46375,0.019140814
2.46500,0.049781871
2.46625,0.052853854
2.46750,0.055925836
2.46875,0.058997819
2.47000,0.062069801
2.47125,0.01228793
2.47250,-0.037493941
2.47375,-0.087275812
2.47500,-0.13705768
2.47625,-0.16108216
2.47750,-0.18510664
2.47875,-0.20913112
2.48000,-0.2331556
2.48125,-0.22409719
2.48250,-0.21503878
2.48375,-0.20598037
2.48500,-0.19692196
2.48625,-0.18636694
2.48750,-0.17581192
2.48875,-0.16525691
2.49000,-0.15470189
2.49125,-0.12673897
2.49250,-0.098776054
2.49375,-0.070813136
2.49500,-0.042850218
2.49625,-0.007483034
2.49750,0.027884149
2.49875,0.063251333
2.50000,0.098618517
2.50125,0.099406205
2.50250,0.10019389
2.50375,0.10098158
2.50500,0.10176927
2.50625,0.073254968
2.50750,0.044740669
2.50875,0.016226369
2.51000,-0.01228793
2.51125,-0.020794959
2.51250,-0.029301987
2.51375,-0.037809016
2.51500,-0.046316045
2.51625,-0.037809016
2.51750,-0.029301987
2.51875,-0.020794959
2.52000,-0.01228793
2.52125,0.002520601
2.52250,0.017329132
2.52375,0.032137664
2.52500,0.046946195
2.52625,0.045055744
2.52750,0.043165293
2.52875,0.041274842
2.53000,0.039384392
2.53125,0.020794959
2.53250,0.002205526
2.53375,-0.016383907
2.53500,-0.03497334
2.53625,-0.051829859
2.53750,-0.068686379
2.53875,-0.085542899
2.54000,-0.10239942
2.54125,-0.10397479
2.54250,-0.10555017
2.54375,-0.10712555
2.54500,-0.10870092
2.54625,-0.09838221
2.54750,-0.0880635
2.54875,-0.077744789
2.55000,-0.067426079
2.55125,-0.056083374
2.55250,-0.044740669
2.55375,-0.033397964
2.55500,-0.022055259
2.55625,-0.015359913
2.55750,-0.008664566
2.55875,-0.00196922
2.56000,0.004726127
2.56125,0.009531023
2.56250,0.014335919
2.56375,0.019140814
2.56500,0.02394571
2.56625,0.01425715
2.56750,0.004568589
2.56875,-0.005119971
2.57000,-0.014808531
2.57125,-0.029932138
2.57250,-0.045055744
2.57375,-0.06017935
2.57500,-0.075302957
2.57625,-0.070813136
2.57750,-0.066323316
2.57875,-0.061833495
2.58000,-0.057343674
2.58125,-0.04663112
2.58250,-0.035918565
2.58375,-0.025206011
2.58500,-0.014493456
2.58625,0.001496607
2.58750,0.01748667
2.58875,0.033476733
2.59000,0.049466796
2.59125,0.03820286
2.59250,0.026938924
2.59375,0.015674988
2.59500,0.004411052
2.59625,0.01291808
2.59750,0.021425109
2.59875,0.029932138
2.60000,0.038439166
2.60125,0.046079738
2.60250,0.05372031
2.60375,0.061360882
2.60500,0.069001454
2.60625,0.096019147
2.60750,0.12303684
2.60875,0.15005453
2.61000,0.17707222
2.61125,0.12492729
2.61250,0.072782356
2.61375,0.020637421
2.61500,-0.031507513
2.61625,-0.062936258
2.61750,-0.094365002
2.61875,-0.12579375
2.62000,-0.15722249
2.62125,-0.097279447
2.62250,-0.037336403
2.62375,0.022606641
2.62500,0.082549685
2.62625,0.063408871
2.62750,0.044268056
2.62875,0.025127242
2.63000,0.005986428
2.63125,-0.020243577
2.63250,-0.046473582
2.63375,-0.072703587
2.63500,-0.098933592
2.63625,-0.073254968
2.63750,-0.047576345
2.63875,-0.021897722
2.64000,0.003780902
2.64125,0.021897722
2.64250,0.040014542
2.64375,0.058131362
2.64500,0.076248182
2.64625,0.064905477
2.64750,0.053562773
2.64875,0.042220068
2.65000,0.030877363
2.65125,0.004568589
2.65250,-0.021740184
2.65375,-0.048048958
2.65500,-0.074357731
2.65625,-0.070891905
2.65750,-0.067426079
2.65875,-0.063960252
2.66000,-0.060494426
2.66125,-0.035209646
2.66250,-0.009924867
2.66375,0.015359913
2.66500,0.040644692
2.66625,0.055531992
2.66750,0.070419292
2.66875,0.085306592
2.67000,0.10019389
2.67125,0.050096946
2.67250,0
2.67375,-0.050096946
2.67500,-0.10019389
2.67625,-0.10216311
2.67750,-0.10413233
2.67875,-0.10610155
2.68000,-0.10807077
2.68125,-0.0744365
2.68250,-0.04080223
2.68375,-0.007167959
2.68500,0.026466311
2.68625,0.02717523
2.68750,0.027884149
2.68875,0.028593068
2.69000,0.029301987
2.69125,0.045843432
2.69250,0.062384876
2.69375,0.078926321
2.69500,0.095467765
2.69625,0.091214251
2.69750,0.086960737
2.69875,0.082707222
2.70000,0.078453708
2.70125,0.048915414
2.70250,0.019377121
2.70375,-0.010161173
2.70500,-0.039699467
2.70625,-0.041511149
2.70750,-0.043322831
2.70875,-0.045134513
2.71000,-0.046946195
2.71125,-0.028829375
2.71250,-0.010712555
2.71375,0.007404266
2.71500,0.025521086
2.71625,0.02331556
2.71750,0.021110034
2.71875,0.018904508
2.72000,0.016698982
2.72125,0.01425715
2.72250,0.011815317
2.72375,0.009373485
2.72500,0.006931653
2.72625,0.007246728
2.72750,0.007561803
2.72875,0.007876878
2.73000,0.008191954
2.73125,0.007404266
2.73250,0.006616578
2.73375,0.00582889
2.73500,0.005041202
2.73625,0.005750121
2.73750,0.00645904
2.73875,0.007167959
2.74000,0.007876878
2.74125,0.030483519
2.74250,0.05309016
2.74375,0.075696801
2.74500,0.098303442
2.74625,0.074357731
2.74750,0.050412021
2.74875,0.026466311
2.75000,0.002520601
2.75125,-0.018904508
2.75250,-0.040329617
2.75375,-0.061754726
2.75500,-0.083179835
2.75625,-0.070970674
2.75750,-0.058761512
2.75875,-0.046552351
2.76000,-0.03434319
2.76125,-0.051593553
2.76250,-0.068843917
2.76375,-0.08609428
2.76500,-0.10334464
2.76625,-0.091529326
2.76750,-0.079714009
2.76875,-0.067898691
2.77000,-0.056083374
2.77125,-0.032058895
2.77250,-0.008034416
2.77375,0.015990063
2.77500,0.040014542
2.77625,0.061754726
2.77750,0.08349491
2.77875,0.10523509
2.78000,0.12697528
2.78125,0.10917353
2.78250,0.091371789
2.78375,0.073570044
2.78500,0.055768299
2.78625,0.0297746
2.78750,0.003780902
2.78875,-0.022212797
2.79000,-0.048206495
2.79125,-0.072073437
2.79250,-0.095940378
2.79375,-0.11980732
2.79500,-0.14367426
2.79625,-0.12886573
2.79750,-0.1140572
2.79875,-0.099248667
2.80000,-0.084440136
2.80125,-0.054507998
2.80250,-0.02457586
2.80375,0.005356277
2.80500,0.035288415
2.80625,0.034737033
2.80750,0.034185652
2.80875,0.03363427
2.81000,0.033082889
2.81125,0.01551745
2.81250,-0.002047988
2.81375,-0.019613427
2.81500,-0.037178866
2.81625,-0.021818953
2.81750,-0.00645904
2.81875,0.008900873
2.82000,0.024260785
2.82125,0.027805381
2.82250,0.031349976
2.82375,0.034894571
2.82500,0.038439166
2.82625,0.037887785
2.82750,0.037336403
2.82875,0.036785022
2.83000,0.03623364
2.83125,0.01874697
2.83250,0.001260301
2.83375,-0.016226369
2.83500,-0.033713039
2.83625,-0.029853369
2.83750,-0.025993698
2.83875,-0.022134028
2.84000,-0.018274358
2.84125,0.006143965
2.84250,0.030562288
2.84375,0.054980611
2.84500,0.079398934
2.84625,0.0893238
2.84750,0.099248667
2.84875,0.10917353
2.85000,0.1190984
2.85125,0.091844401
2.85250,0.064590402
2.85375,0.037336403
2.85500,0.010082404
2.85625,-0.00519874
2.85750,-0.020479884
2.85875,-0.035761028
2.86000,-0.051042172
2.86125,-0.005986428
2.86250,0.039069317
2.86375,0.084125061
2.86500,0.1291808
2.86625,0.11618396
2.86750,0.10318711
2.86875,0.090190257
2.87000,0.077193408
2.87125,0.037651478
2.87250,-0.001890451
2.87375,-0.04143238
2.87500,-0.080974309
2.87625,0.015911294
2.87750,0.1127969
2.87875,0.2096825
2.88000,0.3065681
2.88125,0.26860155
2.88250,0.230635
2.88375,0.19266844
2.88500,0.15470189
2.88625,0.13311924
2.88750,0.1115366
2.88875,0.089953951
2.89000,0.068371304
2.89125,0.042692681
2.89250,0.017014057
2.89375,-0.008664566
2.89500,-0.03434319
2.89625,-0.06411779
2.89750,-0.09389239
2.89875,-0.12366699
2.90000,-0.15344159
2.90125,-0.16352399
2.90250,-0.1736064
2.90375,-0.1836888
2.90500,-0.19377121
2.90625,-0.17849006
2.90750,-0.16320892
2.90875,-0.14792778
2.91000,-0.13264663
2.91125,-0.12697528
2.91250,-0.12130393
2.91375,-0.11563257
2.91500,-0.10996122
2.91625,-0.11216675
2.91750,-0.11437227
2.91875,-0.1165778
2.92000,-0.11878333
2.92125,-0.12469098
2.92250,-0.13059864
2.92375,-0.1365063
2.92500,-0.14241396
2.92625,-0.13949952
2.92750,-0.13658507
2.92875,-0.13367063
2.93000,-0.13075618
2.93125,-0.13075618
2.93250,-0.13075618
2.93375,-0.13075618
2.93500,-0.13075618
2.93625,-0.1266602
2.93750,-0.12256423
2.93875,-0.11846825
2.94000,-0.11437227
2.94125,-0.11382089
2.94250,-0.11326951
2.94375,-0.11271813
2.94500,-0.11216675
2.94625,-0.10586524
2.94750,-0.099563742
2.94875,-0.093262239
2.95000,-0.086960737
2.95125,-0.086645662
2.95250,-0.086330587
2.95375,-0.086015511
2.95500,-0.085700436
2.95625,-0.068686379
2.95750,-0.051672322
2.95875,-0.034658265
2.96000,-0.017644207
2.96125,-0.000236306
2.96250,0.017171595
2.96375,0.034579496
2.96500,0.051987397
2.96625,0.040644692
2.96750,0.029301987
2.96875,0.017959283
2.97000,0.006616578
2.97125,0.046079738
2.97250,0.085542899
2.97375,0.12500606
2.97500,0.16446922
2.97625,0.14272904
2.97750,0.12098885
2.97875,0.099248667
2.98000,0.077508483
2.98125,0.057422443
2.98250,0.037336403
2.98375,0.017250364
2.98500,-0.002835676
2.98625,-0.00905841
2.98750,-0.015281144
2.98875,-0.021503878
2.99000,-0.027726612
2.99125,-0.018589433
2.99250,-0.009452254
2.99375,-0.000315075
2.99500,0.008822104
2.99625,0.008979641
2.99750,0.009137179
2.99875,0.009294716
3.00000,0.009452254
3.00125,0.008507029
3.00250,0.007561803
3.00375,0.006616578
3.00500,0.005671352
3.00625,0.019455889
3.00750,0.033240427
3.00875,0.047024964
3.01000,0.060809501
3.01125,0.071364518
3.01250,0.081919535
3.01375,0.092474552
3.01500,0.10302957
3.01625,0.11886209
3.01750,0.13469462
3.01875,0.15052714
3.02000,0.16635967
3.02125,0.16533568
3.02250,0.16431168
3.02375,0.16328769
3.02500,0.16226369
3.02625,0.14162627
3.02750,0.12098885
3.02875,0.10035143
3.03000,0.079714009
3.03125,0.054586767
3.03250,0.029459525
3.03375,0.004332283
3.03500,-0.020794959
3.03625,-0.020637421
3.03750,-0.020479884
3.03875,-0.020322346
3.04000,-0.020164809
3.04125,-0.00968856
3.04250,0.000787688
3.04375,0.011263936
3.04500,0.021740184
3.04625,0.021110034
3.04750,0.020479884
3.04875,0.019849733
3.05000,0.019219583
3.05125,0.022764178
3.05250,0.026308774
3.05375,0.029853369
3.05500,0.033397964
3.05625,0.028986912
3.05750,0.02457586
3.05875,0.020164809
3.06000,0.015753757
3.06125,0.013784537
3.06250,0.011815317
3.06375,0.009846098
3.06500,0.007876878
3.06625,0.00842826
3.06750,0.008979641
3.06875,0.009531023
3.07000,0.010082404
3.07125,0.003387058
3.07250,-0.003308289
3.07375,-0.010003635
3.07500,-0.016698982
3.07625,-0.005592584
3.07750,0.005513815
3.07875,0.016620213
3.08000,0.027726612
3.08125,0.032846583
3.08250,0.037966554
3.08375,0.043086524
3.08500,0.048206495
3.08625,0.017880514
3.08750,-0.012445468
3.08875,-0.042771449
3.09000,-0.073097431
3.09125,-0.056004605
3.09250,-0.038911779
3.09375,-0.021818953
3.09500,-0.004726127
3.09625,0.01291808
3.09750,0.030562288
3.09875,0.048206495
3.10000,0.065850703
3.10125,0.063960252
3.10250,0.062069801
3.10375,0.06017935
3.10500,0.0582889
3.10625,0.046552351
3.10750,0.034815802
3.10875,0.023079254
3.11000,0.011342705
3.11125,0.035130877
3.11250,0.05891905
3.11375,0.082707222
3.11500,0.1064954
3.11625,0.10082404
3.11750,0.09515269
3.11875,0.089481338
3.12000,0.083809985
3.12125,0.069789142
3.12250,0.055768299
3.12375,0.041747455
3.12500,0.027726612
3.12625,0.008191954
3.12750,-0.011342705
3.12875,-0.030877363
3.13000,-0.050412021
3.13125,-0.037809016
3.13250,-0.025206011
3.13375,-0.012603005
3.13500,0
3.13625,0.025521086
3.13750,0.051042172
3.13875,0.076563257
3.14000,0.10208434
3.14125,0.070655599
3.14250,0.039226854
3.14375,0.00779811
3.14500,-0.023630635
3.14625,-0.025993698
3.14750,-0.028356762
3.14875,-0.030719825
3.15000,-0.033082889
3.15125,-0.007010422
3.15250,0.019062046
3.15375,0.045134513
3.15500,0.07120698
3.15625,0.067898691
3.15750,0.064590402
3.15875,0.061282113
3.16000,0.057973825
3.16125,0.015596219
3.16250,-0.026781386
3.16375,-0.069158992
3.16500,-0.1115366
3.16625,-0.10019389
3.16750,-0.088851188
3.16875,-0.077508483
3.17000,-0.066165778
3.17125,-0.037415172
3.17250,-0.008664566
3.17375,0.02008604
3.17500,0.048836646
3.17625,0.05568953
3.17750,0.062542414
3.17875,0.069395298
3.18000,0.076248182
3.18125,0.044819438
3.18250,0.013390693
3.18375,-0.018038051
3.18500,-0.049466796
3.18625,-0.046316045
3.18750,-0.043165293
3.18875,-0.040014542
3.19000,-0.036863791
3.19125,-0.03623364
3.19250,-0.03560349
3.19375,-0.03497334
3.19500,-0.03434319
3.19625,-0.041196074
3.19750,-0.048048958
3.19875,-0.054901842
3.20000,-0.061754726
3.20125,-0.064275327
3.20250,-0.066795928
3.20375,-0.069316529
3.20500,-0.07183713
3.20625,-0.049781871
3.20750,-0.027726612
3.20875,-0.005671352
3.21000,0.016383907
3.21125,0.031271207
3.21250,0.046158507
3.21375,0.061045807
3.21500,0.075933107
3.21625,0.065141784
3.21750,0.05435046
3.21875,0.043559137
3.22000,0.032767814
3.22125,0.037730247
3.22250,0.042692681
3.22375,0.047655114
3.22500,0.052617547
3.22625,0.056083374
3.22750,0.0595492
3.22875,0.063015027
3.23000,0.066480853
3.23125,0.069710373
3.23250,0.072939893
3.23375,0.076169413
3.23500,0.079398934
3.23625,0.075933107
3.23750,0.072467281
3.23875,0.069001454
3.24000,0.065535628
3.24125,0.071915899
3.24250,0.078296171
3.24375,0.084676442
3.24500,0.091056714
3.24625,0.056398449
3.24750,0.021740184
3.24875,-0.01291808
3.25000,-0.047576345
3.25125,-0.048915414
3.25250,-0.050254484
3.25375,-0.051593553
3.25500,-0.052932622
3.25625,-0.007404266
3.25750,0.038124091
3.25875,0.083652448
3.26000,0.1291808
3.26125,0.097043141
3.26250,0.064905477
3.26375,0.032767814
3.26500,0.00063015
3.26625,-0.012051624
3.26750,-0.024733398
3.26875,-0.037415172
3.27000,-0.050096946
3.27125,-0.056634755
3.27250,-0.063172564
3.27375,-0.069710373
3.27500,-0.076248182
3.27625,-0.066559622
3.27750,-0.056871062
3.27875,-0.047182501
3.28000,-0.037493941
3.28125,-0.039857004
3.28250,-0.042220068
3.28375,-0.044583131
3.28500,-0.046946195
3.28625,-0.046946195
3.28750,-0.046946195
3.28875,-0.046946195
3.29000,-0.046946195
3.29125,-0.046237276
3.29250,-0.045528357
3.29375,-0.044819438
3.29500,-0.044110519
3.29625,-0.033476733
3.29750,-0.022842947
3.29875,-0.012209161
3.30000,-0.001575376
3.30125,0.001417838
3.30250,0.004411052
3.30375,0.007404266
3.30500,0.010397479
3.30625,0.012839312
3.30750,0.015281144
3.30875,0.017722976
3.31000,0.020164809
3.31125,0.019140814
3.31250,0.01811682
3.31375,0.017092826
3.31500,0.016068832
3.31625,0.003702133
3.31750,-0.008664566
3.31875,-0.021031265
3.32000,-0.033397964
3.32125,-0.051593553
3.32250,-0.069789142
3.32375,-0.087984731
3.32500,-0.10618032
3.32625,-0.089245032
3.32750,-0.072309743
3.32875,-0.055374455
3.33000,-0.038439166
3.33125,-0.023079254
3.33250,-0.007719341
3.33375,0.007640572
3.33500,0.023000485
3.33625,0.053799079
3.33750,0.084597673
3.33875,0.11539627
3.34000,0.14619486
3.34125,0.14012967
3.34250,0.13406447
3.34375,0.12799927
3.34500,0.12193408
3.34625,0.083337373
3.34750,0.044740669
3.34875,0.006143965
3.35000,-0.032452739
3.35125,-0.036785022
3.35250,-0.041117305
3.35375,-0.045449588
3.35500,-0.049781871
3.35625,-0.05112094
3.35750,-0.05246001
3.35875,-0.053799079
3.36000,-0.055138148
3.36125,-0.054114154
3.36250,-0.05309016
3.36375,-0.052066166
3.36500,-0.051042172
3.36625,-0.053799079
3.36750,-0.056555986
3.36875,-0.059312894
3.37000,-0.062069801
3.37125,-0.039384392
3.37250,-0.016698982
3.37375,0.005986428
3.37500,0.028671837
3.37625,0.047103732
3.37750,0.065535628
3.37875,0.083967523
3.38000,0.10239942
3.38125,0.1165778
3.38250,0.13075618
3.38375,0.14493456
3.38500,0.15911294
3.38625,0.089481338
3.38750,0.019849733
3.38875,-0.049781871
3.39000,-0.11941348
3.39125,-0.097279447
3.39250,-0.075145419
3.39375,-0.053011391
3.39500,-0.030877363
3.39625,0.010555017
3.39750,0.051987397
3.39875,0.093419777
3.40000,0.13485216
3.40125,0.13154387
3.40250,0.12823558
3.40375,0.12492729
3.40500,0.121619
3.40625,0.079950315
3.40750,0.038281629
3.40875,-0.003387058
3.41000,-0.045055744
3.41125,-0.042771449
3.41250,-0.040487155
3.41375,-0.03820286
3.41500,-0.035918565
3.41625,-0.027962918
3.41750,-0.020007271
3.41875,-0.012051624
3.42000,-0.004095977
3.42125,0.005435046
3.42250,0.014966069
3.42375,0.024497092
3.42500,0.034028114
3.42625,0.030798594
3.42750,0.027569074
3.42875,0.024339554
3.43000,0.021110034
3.43125,0.013390693
3.43250,0.005671352
3.43375,-0.002047988
3.43500,-0.009767329
3.43625,-0.013154387
3.43750,-0.016541444
3.43875,-0.019928502
3.44000,-0.02331556
3.44125,-0.034264421
3.44250,-0.045213282
3.44375,-0.056162143
3.44500,-0.067111003
3.44625,-0.069789142
3.44750,-0.072467281
3.44875,-0.075145419
3.45000,-0.077823558
3.45125,-0.076169413
3.45250,-0.074515269
3.45375,-0.072861125
3.45500,-0.07120698
3.45625,-0.06797746
3.45750,-0.06474794
3.45875,-0.06151842
3.46000,-0.0582889
3.46125,-0.034264421
3.46250,-0.010239942
3.46375,0.013784537
3.46500,0.037809016
3.46625,0.027332768
3.46750,0.01685652
3.46875,0.006380271
3.47000,-0.004095977
3.47125,-0.011500242
3.47250,-0.018904508
3.47375,-0.026308774
3.47500,-0.033713039
3.47625,-0.0285143
3.47750,-0.02331556
3.47875,-0.01811682
3.48000,-0.01291808
3.48125,-0.010555017
3.48250,-0.008191954
3.48375,-0.00582889
3.48500,-0.003465827
3.48625,-0.001181532
3.48750,0.001102763
3.48875,0.003387058
3.49000,0.005671352
3.49125,0.003308289
3.49250,0.000945225
3.49375,-0.001417838
3.49500,-0.003780902
3.49625,-0.027332768
3.49750,-0.050884634
3.49875,-0.0744365
3.50000,-0.097988366
3.50125,-0.10239942
3.50250,-0.10681047
3.50375,-0.11122152
3.50500,-0.11563257
3.50625,-0.12224915
3.50750,-0.12886573
3.50875,-0.13548231
3.51000,-0.14209889
3.51125,-0.14233519
3.51250,-0.1425715
3.51375,-0.1428078
3.51500,-0.14304411
3.51625,-0.15092099
3.51750,-0.15879787
3.51875,-0.16667475
3.52000,-0.17455162
3.52125,-0.1402872
3.52250,-0.10602278
3.52375,-0.071758362
3.52500,-0.037493941
3.52625,-0.012996849
3.52750,0.011500242
3.52875,0.035997334
3.53000,0.060494426
3.53125,0.044819438
3.53250,0.02914445
3.53375,0.013469462
3.53500,-0.002205526
3.53625,0.00385967
3.53750,0.009924867
3.53875,0.015990063
3.54000,0.022055259
3.54125,0.008349491
3.54250,-0.005356277
3.54375,-0.019062046
3.54500,-0.032767814
3.54625,-0.035052109
3.54750,-0.037336403
3.54875,-0.039620698
3.55000,-0.041904993
3.55125,-0.034737033
3.55250,-0.027569074
3.55375,-0.020401115
3.55500,-0.013233156
3.55625,-0.020952496
3.55750,-0.028671837
3.55875,-0.036391178
3.56000,-0.044110519
3.56125,-0.056871062
3.56250,-0.069631604
3.56375,-0.082392147
3.56500,-0.09515269
3.56625,-0.088457344
3.56750,-0.081761997
3.56875,-0.075066651
3.57000,-0.068371304
3.57125,-0.058446437
3.57250,-0.048521571
3.57375,-0.038596704
3.57500,-0.028671837
3.57625,-0.024733398
3.57750,-0.020794959
3.57875,-0.01685652
3.58000,-0.01291808
3.58125,0.003071983
3.58250,0.019062046
3.58375,0.035052109
3.58500,0.051042172
3.58625,0.064826709
3.58750,0.078611246
3.58875,0.092395783
3.59000,0.10618032
3.59125,0.08609428
3.59250,0.06600824
3.59375,0.045922201
3.59500,0.025836161
3.59625,0.006222734
3.59750,-0.013390693
3.59875,-0.03300412
3.60000,-0.052617547
3.60125,-0.056477218
3.60250,-0.060336888
3.60375,-0.064196558
3.60500,-0.068056229
3.60625,-0.044819438
3.60750,-0.021582647
3.60875,0.001654144
3.61000,0.024890936
3.61125,0.02394571
3.61250,0.023000485
3.61375,0.022055259
3.61500,0.021110034
3.61625,0.019613427
3.61750,0.01811682
3.61875,0.016620213
3.62000,0.015123606
3.62125,0.018195589
3.62250,0.021267571
3.62375,0.024339554
3.62500,0.027411537
3.62625,0.028593068
3.62750,0.0297746
3.62875,0.030956132
3.63000,0.032137664
3.63125,0.031271207
3.63250,0.03040475
3.63375,0.029538294
3.63500,0.028671837
3.63625,0.032137664
3.63750,0.03560349
3.63875,0.039069317
3.64000,0.042535143
3.64125,0.034028114
3.64250,0.025521086
3.64375,0.017014057
3.64500,0.008507029
3.64625,0.004332283
3.64750,0.000157538
3.64875,-0.004017208
3.65000,-0.008191954
3.65125,0.002756907
3.65250,0.013705768
3.65375,0.024654629
3.65500,0.03560349
3.65625,0.043480368
3.65750,0.051357247
3.65875,0.059234125
3.66000,0.067111003
3.66125,0.064511634
3.66250,0.061912264
3.66375,0.059312894
3.66500,0.056713524
3.66625,0.038045322
3.66750,0.019377121
3.66875,0.000708919
3.67000,-0.017959283
3.67125,-0.010870092
3.67250,-0.003780902
3.67375,0.003308289
3.67500,0.010397479
3.67625,0.025836161
3.67750,0.041274842
3.67875,0.056713524
3.68000,0.072152206
3.68125,0.072782356
3.68250,0.073412506
3.68375,0.074042656
3.68500,0.074672807
3.68625,0.064826709
3.68750,0.054980611
3.68875,0.045134513
3.69000,0.035288415
3.69125,0.01551745
3.69250,-0.004253514
3.69375,-0.024024479
3.69500,-0.043795444
3.69625,-0.054507998
3.69750,-0.065220553
3.69875,-0.075933107
3.70000,-0.086645662
3.70125,-0.066717159
3.70250,-0.046788657
3.70375,-0.026860155
3.70500,-0.006931653
3.70625,-0.001890451
3.70750,0.003150751
3.70875,0.008191954
3.71000,0.013233156
3.71125,0.02457586
3.71250,0.035918565
3.71375,0.04726127
3.71500,0.058603975
3.71625,0.06151842
3.71750,0.064432865
3.71875,0.06734731
3.72000,0.070261755
3.72125,0.069237761
3.72250,0.068213766
3.72375,0.067189772
3.72500,0.066165778
3.72625,0.056477218
3.72750,0.046788657
3.72875,0.037100097
3.73000,0.027411537
3.73125,0.034500727
3.73250,0.041589918
3.73375,0.048679108
3.73500,0.055768299
3.73625,0.051908628
3.73750,0.048048958
3.73875,0.044189287
3.74000,0.040329617
3.74125,0.025442317
3.74250,0.010555017
3.74375,-0.004332283
3.74500,-0.019219583
3.74625,-0.027884149
3.74750,-0.036548715
3.74875,-0.045213282
3.75000,-0.053877848
3.75125,-0.048679108
3.75250,-0.043480368
3.75375,-0.038281629
3.75500,-0.033082889
3.75625,-0.020952496
3.75750,-0.008822104
3.75875,0.003308289
3.76000,0.015438682
3.76125,0.009609792
3.76250,0.003780902
3.76375,-0.002047988
3.76500,-0.007876878
3.76625,-0.014335919
3.76750,-0.020794959
3.76875,-0.027253999
3.77000,-0.033713039
3.77125,-0.029695831
3.77250,-0.025678623
3.77375,-0.021661415
3.77500,-0.017644207
3.77625,-0.022606641
3.77750,-0.027569074
3.77875,-0.032531508
3.78000,-0.037493941
3.78125,-0.030483519
3.78250,-0.023473097
3.78375,-0.016462676
3.78500,-0.009452254
3.78625,0.001339069
3.78750,0.012130393
3.78875,0.022921716
3.79000,0.033713039
3.79125,0.033397964
3.79250,0.033082889
3.79375,0.032767814
3.79500,0.032452739
3.79625,0.023079254
3.79750,0.013705768
3.79875,0.004332283
3.80000,-0.005041202
3.80125,-0.015123606
3.80250,-0.025206011
3.80375,-0.035288415
3.80500,-0.045370819
3.80625,-0.040250848
3.80750,-0.035130877
3.80875,-0.030010906
3.81000,-0.024890936
3.81125,0.00063015
3.81250,0.026151236
3.81375,0.051672322
3.81500,0.077193408
3.81625,0.072939893
3.81750,0.068686379
3.81875,0.064432865
3.82000,0.06017935
3.82125,0.038281629
3.82250,0.016383907
3.82375,-0.005513815
3.82500,-0.027411537
3.82625,-0.039541929
3.82750,-0.051672322
3.82875,-0.063802714
3.83000,-0.075933107
3.83125,-0.069237761
3.83250,-0.062542414
3.83375,-0.055847067
3.83500,-0.049151721
3.83625,-0.046473582
3.83750,-0.043795444
3.83875,-0.041117305
3.84000,-0.038439166
3.84125,-0.011421474
3.84250,0.015596219
3.84375,0.042613912
3.84500,0.069631604
3.84625,0.059312894
3.84750,0.048994183
3.84875,0.038675473
3.85000,0.028356762
3.85125,0.032531508
3.85250,0.036706253
3.85375,0.040880999
3.85500,0.045055744
3.85625,0.048994183
3.85750,0.052932622
3.85875,0.056871062
3.86000,0.060809501
3.86125,0.06088827
3.86250,0.060967038
3.86375,0.061045807
3.86500,0.061124576
3.86625,0.046709889
3.86750,0.032295201
3.86875,0.017880514
3.87000,0.003465827
3.87125,-0.003465827
3.87250,-0.010397479
3.87375,-0.017329132
3.87500,-0.024260785
3.87625,-0.029380756
3.87750,-0.034500727
3.87875,-0.039620698
3.88000,-0.044740669
3.88125,-0.043795444
3.88250,-0.042850218
3.88375,-0.041904993
3.88500,-0.040959767
3.88625,-0.035367184
3.88750,-0.0297746
3.88875,-0.024182016
3.89000,-0.018589433
3.89125,-0.013548231
3.89250,-0.008507029
3.89375,-0.003465827
3.89500,0.001575376
3.89625,-0.004883665
3.89750,-0.011342705
3.89875,-0.017801745
3.90000,-0.024260785
3.90125,-0.019377121
3.90250,-0.014493456
3.90375,-0.009609792
3.90500,-0.004726127
3.90625,-0.006065196
3.90750,-0.007404266
3.90875,-0.008743335
3.91000,-0.010082404
3.91125,0.003387058
3.91250,0.01685652
3.91375,0.030325982
3.91500,0.043795444
3.91625,0.040329617
3.91750,0.036863791
3.91875,0.033397964
3.92000,0.029932138
3.92125,0.008822104
3.92250,-0.01228793
3.92375,-0.033397964
3.92500,-0.054507998
3.92625,-0.035918565
3.92750,-0.017329132
3.92875,0.001260301
3.93000,0.019849733
3.93125,0.039857004
3.93250,0.059864275
3.93375,0.079871546
3.93500,0.099878817
3.93625,0.085779205
3.93750,0.071679593
3.93875,0.057579981
3.94000,0.043480368
3.94125,0.0446619
3.94250,0.045843432
3.94375,0.047024964
3.94500,0.048206495
3.94625,0.044268056
3.94750,0.040329617
3.94875,0.036391178
3.95000,0.032452739
3.95125,0.036706253
3.95250,0.040959767
3.95375,0.045213282
3.95500,0.049466796
3.95625,0.050096946
3.95750,0.050727096
3.95875,0.051357247
3.96000,0.051987397
3.96125,0.044504363
3.96250,0.037021328
3.96375,0.029538294
3.96500,0.022055259
3.96625,0.019298352
3.96750,0.016541444
3.96875,0.013784537
3.97000,0.01102763
3.97125,-0.004962433
3.97250,-0.020952496
3.97375,-0.036942559
3.97500,-0.052932622
3.97625,-0.052538778
3.97750,-0.052144935
3.97875,-0.051751091
3.98000,-0.051357247
3.98125,-0.052617547
3.98250,-0.053877848
3.98375,-0.055138148
3.98500,-0.056398449
3.98625,-0.033713039
3.98750,-0.01102763
3.98875,0.01165778
3.99000,0.03434319
3.99125,0.041983762
3.99250,0.049624333
3.99375,0.057264905
3.99500,0.064905477
3.99625,0.058367668
3.99750,0.051829859
3.99875,0.04529205
4.00000,0.038754241
4.00125,0.017880514
4.00250,-0.002993214
4.00375,-0.023866941
4.00500,-0.044740669
4.00625,-0.041274842
4.00750,-0.037809016
4.00875,-0.03434319
4.01000,-0.030877363
4.01125,-0.026860155
4.01250,-0.022842947
4.01375,-0.018825739
4.01500,-0.014808531
4.01625,-0.021110034
4.01750,-0.027411537
4.01875,-0.033713039
4.02000,-0.040014542
4.02125,-0.04726127
4.02250,-0.054507998
4.02375,-0.061754726
4.02500,-0.069001454
4.02625,-0.064669171
4.02750,-0.060336888
4.02875,-0.056004605
4.03000,-0.051672322
4.03125,-0.036469947
4.03250,-0.021267571
4.03375,-0.006065196
4.03500,0.009137179
4.03625,0.016305138
4.03750,0.023473097
4.03875,0.030641057
4.04000,0.037809016
4.04125,0.044898206
4.04250,0.051987397
4.04375,0.059076587
4.04500,0.066165778
4.04625,0.0595492
4.04750,0.052932622
4.04875,0.046316045
4.05000,0.039699467
4.05125,0.026230005
4.05250,0.012760543
4.05375,-0.000708919
4.05500,-0.014178381
4.05625,-0.01685652
4.05750,-0.019534658
4.05875,-0.022212797
4.06000,-0.024890936
4.06125,-0.033082889
4.06250,-0.041274842
4.06375,-0.049466796
4.06500,-0.057658749
4.06625,-0.047340039
4.06750,-0.037021328
4.06875,-0.026702618
4.07000,-0.016383907
4.07125,-0.008270722
4.07250,-0.000157538
4.07375,0.007955647
4.07500,0.016068832
4.07625,0.005435046
4.07750,-0.00519874
4.07875,-0.015832525
4.08000,-0.026466311
4.08125,-0.035524721
4.08250,-0.044583131
4.08375,-0.053641541
4.08500,-0.062699952
4.08625,-0.061597189
4.08750,-0.060494426
4.08875,-0.059391663
4.09000,-0.0582889
4.09125,-0.040172079
4.09250,-0.022055259
4.09375,-0.003938439
4.09500,0.014178381
4.09625,0.019455889
4.09750,0.024733398
4.09875,0.030010906
4.10000,0.035288415
4.10125,0.019455889
4.10250,0.003623364
4.10375,-0.012209161
4.10500,-0.028041687
4.10625,-0.037178866
4.10750,-0.046316045
4.10875,-0.055453223
4.11000,-0.064590402
4.11125,-0.05112094
4.11250,-0.037651478
4.11375,-0.024182016
4.11500,-0.010712555
4.11625,0.018825739
4.11750,0.048364033
4.11875,0.077902327
4.12000,0.10744062
4.12125,0.11563257
4.12250,0.12382453
4.12375,0.13201648
4.12500,0.14020843
4.12625,0.10980368
4.12750,0.079398934
4.12875,0.048994183
4.13000,0.018589433
4.13125,0.009373485
4.13250,0.000157538
4.13375,-0.00905841
4.13500,-0.018274358
4.13625,-0.012996849
4.13750,-0.007719341
4.13875,-0.002441832
4.14000,0.002835676
4.14125,-0.00519874
4.14250,-0.013233156
4.14375,-0.021267571
4.14500,-0.029301987
4.14625,-0.03434319
4.14750,-0.039384392
4.14875,-0.044425594
4.15000,-0.049466796
4.15125,-0.054114154
4.15250,-0.058761512
4.15375,-0.063408871
4.15500,-0.068056229
4.15625,-0.064826709
4.15750,-0.061597189
4.15875,-0.058367668
4.16000,-0.055138148
4.16125,-0.045922201
4.16250,-0.036706253
4.16375,-0.027490305
4.16500,-0.018274358
4.16625,-0.005592584
4.16750,0.007089191
4.16875,0.019770965
4.17000,0.032452739
4.17125,0.006931653
4.17250,-0.018589433
4.17375,-0.044110519
4.17500,-0.069631604
4.17625,-0.072624818
4.17750,-0.075618032
4.17875,-0.078611246
4.18000,-0.08160446
4.18125,-0.078453708
4.18250,-0.075302957
4.18375,-0.072152206
4.18500,-0.069001454
4.18625,-0.065693165
4.18750,-0.062384876
4.18875,-0.059076587
4.19000,-0.055768299
4.19125,-0.047497576
4.19250,-0.039226854
4.19375,-0.030956132
4.19500,-0.02268541
4.19625,0.01165778
4.19750,0.046000969
4.19875,0.080344159
4.20000,0.11468735
