0.00125,-0.000870647
0.00250,-0.001741294
0.00375,-0.00261194
0.00500,-0.003482587
0.00625,-0.009328358
0.00750,-0.015174129
0.00875,-0.0210199
0.01000,-0.026865672
0.01125,-0.026430348
0.01250,-0.025995025
0.01375,-0.025559701
0.01500,-0.025124378
0.01625,-0.02431592
0.01750,-0.023507463
0.01875,-0.022699005
0.02000,-0.021890547
0.02125,-0.022325871
0.02250,-0.022761194
0.02375,-0.023196517
0.02500,-0.023631841
0.02625,-0.025186567
0.02750,-0.026741294
0.02875,-0.02829602
0.03000,-0.029850746
0.03125,-0.031218905
0.03250,-0.032587065
0.03375,-0.033955224
0.03500,-0.035323383
0.03625,-0.034452736
0.03750,-0.03358209
0.03875,-0.032711443
0.04000,-0.031840796
0.04125,-0.030721393
0.04250,-0.02960199
0.04375,-0.028482587
0.04500,-0.027363184
0.04625,-0.025808458
0.04750,-0.024253731
0.04875,-0.022699005
0.05000,-0.021144279
0.05125,-0.021144279
0.05250,-0.021144279
0.05375,-0.021144279
0.05500,-0.021144279
0.05625,-0.024004975
0.05750,-0.026865672
0.05875,-0.029726368
0.06000,-0.032587065
0.06125,-0.035385572
0.06250,-0.03818408
0.06375,-0.040982587
0.06500,-0.043781095
0.06625,-0.044900498
0.06750,-0.0460199
0.06875,-0.047139303
0.07000,-0.048258706
0.07125,-0.046268657
0.07250,-0.044278607
0.07375,-0.042288557
0.07500,-0.040298507
0.07625,-0.039179104
0.07750,-0.038059701
0.07875,-0.036940299
0.08000,-0.035820896
0.08125,-0.03358209
0.08250,-0.031343284
0.08375,-0.029104478
0.08500,-0.026865672
0.08625,-0.025248756
0.08750,-0.023631841
0.08875,-0.022014925
0.09000,-0.02039801
0.09125,-0.017910448
0.09250,-0.015422886
0.09375,-0.012935323
0.09500,-0.010447761
0.09625,-0.011940299
0.09750,-0.013432836
0.09875,-0.014925373
0.10000,-0.01641791
0.10125,-0.020460199
0.10250,-0.024502488
0.10375,-0.028544776
0.10500,-0.032587065
0.10625,-0.036256219
0.10750,-0.039925373
0.10875,-0.043594527
0.11000,-0.047263682
0.11125,-0.047636816
0.11250,-0.04800995
0.11375,-0.048383085
0.11500,-0.048756219
0.11625,-0.040671642
0.11750,-0.032587065
0.11875,-0.024502488
0.12000,-0.01641791
0.12125,-0.010447761
0.12250,-0.004477612
0.12375,0.001492537
0.12500,0.007462687
0.12625,0.014365672
0.12750,0.021268657
0.12875,0.028171642
0.13000,0.035074627
0.13125,0.023258706
0.13250,0.011442786
0.13375,-0.000373134
0.13500,-0.012189055
0.13625,-0.01710199
0.13750,-0.022014925
0.13875,-0.026927861
0.14000,-0.031840796
0.14125,-0.032835821
0.14250,-0.033830846
0.14375,-0.034825871
0.14500,-0.035820896
0.14625,-0.03949005
0.14750,-0.043159204
0.14875,-0.046828358
0.15000,-0.050497512
0.15125,-0.054042289
0.15250,-0.057587065
0.15375,-0.061131841
0.15500,-0.064676617
0.15625,-0.068718905
0.15750,-0.072761194
0.15875,-0.076803483
0.16000,-0.080845771
0.16125,-0.079664179
0.16250,-0.078482587
0.16375,-0.077300995
0.16500,-0.076119403
0.16625,-0.06778607
0.16750,-0.059452736
0.16875,-0.051119403
0.17000,-0.04278607
0.17125,-0.044340796
0.17250,-0.045895522
0.17375,-0.047450249
0.17500,-0.049004975
0.17625,-0.046890547
0.17750,-0.044776119
0.17875,-0.042661692
0.18000,-0.040547264
0.18125,-0.040609453
0.18250,-0.040671642
0.18375,-0.040733831
0.18500,-0.04079602
0.18625,-0.034763682
0.18750,-0.028731343
0.18875,-0.022699005
0.19000,-0.016666667
0.19125,-0.010945274
0.19250,-0.005223881
0.19375,0.000497512
0.19500,0.006218906
0.19625,0.013992537
0.19750,0.021766169
0.19875,0.029539801
0.20000,0.037313433
0.20125,0.042661692
0.20250,0.04800995
0.20375,0.053358209
0.20500,0.058706468
0.20625,0.059701493
0.20750,0.060696517
0.20875,0.061691542
0.21000,0.062686567
0.21125,0.067910448
0.21250,0.073134328
0.21375,0.078358209
0.21500,0.08358209
0.21625,0.0914801
0.21750,0.099378109
0.21875,0.10727612
0.22000,0.11517413
0.22125,0.11697761
0.22250,0.11878109
0.22375,0.12058458
0.22500,0.12238806
0.22625,0.11784826
0.22750,0.11330846
0.22875,0.10876866
0.23000,0.10422886
0.23125,0.10049751
0.23250,0.096766169
0.23375,0.093034826
0.23500,0.089303483
0.23625,0.083830846
0.23750,0.078358209
0.23875,0.072885572
0.24000,0.067412935
0.24125,0.065174129
0.24250,0.062935323
0.24375,0.060696517
0.24500,0.058457711
0.24625,0.064925373
0.24750,0.071393035
0.24875,0.077860697
0.25000,0.084328358
0.25125,0.088868159
0.25250,0.09340796
0.25375,0.097947761
0.25500,0.10248756
0.25625,0.10982587
0.25750,0.11716418
0.25875,0.12450249
0.26000,0.1318408
0.26125,0.1386194
0.26250,0.14539801
0.26375,0.15217662
0.26500,0.15895522
0.26625,0.16473881
0.26750,0.17052239
0.26875,0.17630597
0.27000,0.18208955
0.27125,0.17711443
0.27250,0.1721393
0.27375,0.16716418
0.27500,0.16218905
0.27625,0.15889303
0.27750,0.15559701
0.27875,0.152301
0.28000,0.14900498
0.28125,0.13662935
0.28250,0.12425373
0.28375,0.11187811
0.28500,0.099502488
0.28625,0.099502488
0.28750,0.099502488
0.28875,0.099502488
0.29000,0.099502488
0.29125,0.078544776
0.29250,0.057587065
0.29375,0.036629353
0.29500,0.015671642
0.29625,-0.020273632
0.29750,-0.056218905
0.29875,-0.092164179
0.30000,-0.12810945
0.30125,-0.14502488
0.30250,-0.1619403
0.30375,-0.17885572
0.30500,-0.19577114
0.30625,-0.18432836
0.30750,-0.17288557
0.30875,-0.16144279
0.31000,-0.15
0.31125,-0.1425995
0.31250,-0.135199
0.31375,-0.12779851
0.31500,-0.12039801
0.31625,-0.10584577
0.31750,-0.091293532
0.31875,-0.076741294
0.32000,-0.062189055
0.32125,-0.050310945
0.32250,-0.038432836
0.32375,-0.026554726
0.32500,-0.014676617
0.32625,-0.002674129
0.32750,0.009328358
0.32875,0.021330846
0.33000,0.033333333
0.33125,0.044154229
0.33250,0.054975124
0.33375,0.06579602
0.33500,0.076616915
0.33625,0.088495025
0.33750,0.10037313
0.33875,0.11225124
0.34000,0.12412935
0.34125,0.13725124
0.34250,0.15037313
0.34375,0.16349502
0.34500,0.17661692
0.34625,0.1943408
0.34750,0.21206468
0.34875,0.22978856
0.35000,0.24751244
0.35125,0.26144279
0.35250,0.27537313
0.35375,0.28930348
0.35500,0.30323383
0.35625,0.32251244
0.35750,0.34179104
0.35875,0.36106965
0.36000,0.38034826
0.36125,0.37537313
0.36250,0.37039801
0.36375,0.36542289
0.36500,0.36044776
0.36625,0.34216418
0.36750,0.3238806
0.36875,0.30559701
0.37000,0.28731343
0.37125,0.27363184
0.37250,0.25995025
0.37375,0.24626866
0.37500,0.23258706
0.37625,0.22991294
0.37750,0.22723881
0.37875,0.22456468
0.38000,0.22189055
0.38125,0.22400498
0.38250,0.2261194
0.38375,0.22823383
0.38500,0.23034826
0.38625,0.22493781
0.38750,0.21952736
0.38875,0.21411692
0.39000,0.20870647
0.39125,0.21256219
0.39250,0.21641791
0.39375,0.22027363
0.39500,0.22412935
0.39625,0.22985075
0.39750,0.23557214
0.39875,0.24129353
0.40000,0.24701493
0.40125,0.26044776
0.40250,0.2738806
0.40375,0.28731343
0.40500,0.30074627
0.40625,0.24595771
0.40750,0.19116915
0.40875,0.1363806
0.41000,0.08159204
0.41125,-0.030534826
0.41250,-0.14266169
0.41375,-0.25478856
0.41500,-0.36691542
0.41625,-0.40366915
0.41750,-0.44042289
0.41875,-0.47717662
0.42000,-0.51393035
0.42125,-0.50914179
0.42250,-0.50435323
0.42375,-0.49956468
0.42500,-0.49477612
0.42625,-0.49757463
0.42750,-0.50037313
0.42875,-0.50317164
0.43000,-0.50597015
0.43125,-0.49241294
0.43250,-0.47885572
0.43375,-0.46529851
0.43500,-0.45174129
0.43625,-0.44608209
0.43750,-0.44042289
0.43875,-0.43476368
0.44000,-0.42910448
0.44125,-0.43078358
0.44250,-0.43246269
0.44375,-0.43414179
0.44500,-0.4358209
0.44625,-0.43588308
0.44750,-0.43594527
0.44875,-0.43600746
0.45000,-0.43606965
0.45125,-0.43930348
0.45250,-0.44253731
0.45375,-0.44577114
0.45500,-0.44900498
0.45625,-0.43812189
0.45750,-0.42723881
0.45875,-0.41635572
0.46000,-0.40547264
0.46125,-0.38787313
0.46250,-0.37027363
0.46375,-0.35267413
0.46500,-0.33507463
0.46625,-0.31890547
0.46750,-0.30273632
0.46875,-0.28656716
0.47000,-0.27039801
0.47125,-0.25143035
0.47250,-0.23246269
0.47375,-0.21349502
0.47500,-0.19452736
0.47625,-0.17257463
0.47750,-0.15062189
0.47875,-0.12866915
0.48000,-0.10671642
0.48125,-0.081094527
0.48250,-0.055472637
0.48375,-0.029850746
0.48500,-0.004228856
0.48625,0.019216418
0.48750,0.042661692
0.48875,0.066106965
0.49000,0.089552239
0.49125,0.11598259
0.49250,0.14241294
0.49375,0.16884328
0.49500,0.19527363
0.49625,0.21884328
0.49750,0.24241294
0.49875,0.26598259
0.50000,0.28955224
0.50125,0.31654229
0.50250,0.34353234
0.50375,0.37052239
0.50500,0.39751244
0.50625,0.42002488
0.50750,0.44253731
0.50875,0.46504975
0.51000,0.48756219
0.51125,0.51567164
0.51250,0.54378109
0.51375,0.57189055
0.51500,0.6
0.51625,0.61971393
0.51750,0.63942786
0.51875,0.65914179
0.52000,0.67885572
0.52125,0.69794776
0.52250,0.7170398
0.52375,0.73613184
0.52500,0.75522388
0.52625,0.76542289
0.52750,0.77562189
0.52875,0.7858209
0.53000,0.7960199
0.53125,0.80951493
0.53250,0.82300995
0.53375,0.83650498
0.53500,0.85
0.53625,0.81293532
0.53750,0.77587065
0.53875,0.73880597
0.54000,0.70174129
0.54125,0.67083333
0.54250,0.63992537
0.54375,0.60901741
0.54500,0.57810945
0.54625,0.3590796
0.54750,0.14004975
0.54875,-0.0789801
0.55000,-0.29800995
0.55125,-0.37108209
0.55250,-0.44415423
0.55375,-0.51722637
0.55500,-0.59029851
0.55625,-0.54471393
0.55750,-0.49912935
0.55875,-0.45354478
0.56000,-0.4079602
0.56125,-0.42195274
0.56250,-0.43594527
0.56375,-0.44993781
0.56500,-0.46393035
0.56625,-0.41604478
0.56750,-0.3681592
0.56875,-0.32027363
0.57000,-0.27238806
0.57125,-0.2511194
0.57250,-0.22985075
0.57375,-0.20858209
0.57500,-0.18731343
0.57625,-0.15124378
0.57750,-0.11517413
0.57875,-0.079104478
0.58000,-0.043034826
0.58125,-0.025248756
0.58250,-0.007462687
0.58375,0.010323383
0.58500,0.028109453
0.58625,0.054228856
0.58750,0.080348259
0.58875,0.10646766
0.59000,0.13258706
0.59125,0.1550995
0.59250,0.17761194
0.59375,0.20012438
0.59500,0.22263682
0.59625,0.24073383
0.59750,0.25883085
0.59875,0.27692786
0.60000,0.29502488
0.60125,0.33053483
0.60250,0.36604478
0.60375,0.40155473
0.60500,0.43706468
0.60625,0.3636194
0.60750,0.29017413
0.60875,0.21672886
0.61000,0.14328358
0.61125,-0.056156716
0.61250,-0.25559701
0.61375,-0.45503731
0.61500,-0.65447761
0.61625,-0.58706468
0.61750,-0.51965174
0.61875,-0.45223881
0.62000,-0.38482587
0.62125,-0.39614428
0.62250,-0.40746269
0.62375,-0.41878109
0.62500,-0.4300995
0.62625,-0.38550995
0.62750,-0.3409204
0.62875,-0.29633085
0.63000,-0.25174129
0.63125,-0.22481343
0.63250,-0.19788557
0.63375,-0.17095771
0.63500,-0.14402985
0.63625,-0.093283582
0.63750,-0.042537313
0.63875,0.008208955
0.64000,0.058955224
0.64125,0.002549751
0.64250,-0.053855721
0.64375,-0.11026119
0.64500,-0.16666667
0.64625,-0.24813433
0.64750,-0.32960199
0.64875,-0.41106965
0.65000,-0.49253731
0.65125,-0.47145522
0.65250,-0.45037313
0.65375,-0.42929104
0.65500,-0.40820896
0.65625,-0.41094527
0.65750,-0.41368159
0.65875,-0.41641791
0.66000,-0.41915423
0.66125,-0.40646766
0.66250,-0.39378109
0.66375,-0.38109453
0.66500,-0.36840796
0.66625,-0.3528607
0.66750,-0.33731343
0.66875,-0.32176617
0.67000,-0.30621891
0.67125,-0.29191542
0.67250,-0.27761194
0.67375,-0.26330846
0.67500,-0.24900498
0.67625,-0.23345771
0.67750,-0.21791045
0.67875,-0.20236318
0.68000,-0.18681592
0.68125,-0.17263682
0.68250,-0.15845771
0.68375,-0.14427861
0.68500,-0.1300995
0.68625,-0.11442786
0.68750,-0.098756219
0.68875,-0.083084577
0.69000,-0.067412935
0.69125,-0.05329602
0.69250,-0.039179104
0.69375,-0.025062189
0.69500,-0.010945274
0.69625,0.003482587
0.69750,0.017910448
0.69875,0.032338308
0.70000,0.046766169
0.70125,0.029166667
0.70250,0.011567164
0.70375,-0.006032338
0.70500,-0.023631841
0.70625,-0.044651741
0.70750,-0.065671642
0.70875,-0.086691542
0.71000,-0.10771144
0.71125,-0.13289801
0.71250,-0.15808458
0.71375,-0.18327114
0.71500,-0.20845771
0.71625,-0.21548507
0.71750,-0.22251244
0.71875,-0.2295398
0.72000,-0.23656716
0.72125,-0.22195274
0.72250,-0.20733831
0.72375,-0.19272388
0.72500,-0.17810945
0.72625,-0.17083333
0.72750,-0.16355721
0.72875,-0.15628109
0.73000,-0.14900498
0.73125,-0.13252488
0.73250,-0.11604478
0.73375,-0.099564677
0.73500,-0.083084577
0.73625,-0.069029851
0.73750,-0.054975124
0.73875,-0.040920398
0.74000,-0.026865672
0.74125,-0.008644279
0.74250,0.009577114
0.74375,0.027798507
0.74500,0.0460199
0.74625,0.060634328
0.74750,0.075248756
0.74875,0.089863184
0.75000,0.10447761
0.75125,0.12021144
0.75250,0.13594527
0.75375,0.1516791
0.75500,0.16741294
0.75625,0.11952736
0.75750,0.071641791
0.75875,0.023756219
0.76000,-0.024129353
0.76125,-0.041231343
0.76250,-0.058333333
0.76375,-0.075435323
0.76500,-0.092537313
0.76625,-0.071890547
0.76750,-0.051243781
0.76875,-0.030597015
0.77000,-0.009950249
0.77125,-0.006778607
0.77250,-0.003606965
0.77375,-0.000435323
0.77500,0.002736318
0.77625,0.023445274
0.77750,0.044154229
0.77875,0.064863184
0.78000,0.085572139
0.78125,0.09931592
0.78250,0.1130597
0.78375,0.12680348
0.78500,0.14054726
0.78625,0.16032338
0.78750,0.1800995
0.78875,0.19987562
0.79000,0.21965174
0.79125,0.23501244
0.79250,0.25037313
0.79375,0.26573383
0.79500,0.28109453
0.79625,0.29558458
0.79750,0.31007463
0.79875,0.32456468
0.80000,0.33905473
0.80125,0.26791045
0.80250,0.19676617
0.80375,0.12562189
0.80500,0.054477612
0.80625,0.055845771
0.80750,0.05721393
0.80875,0.05858209
0.81000,0.059950249
0.81125,0.087437811
0.81250,0.11492537
0.81375,0.14241294
0.81500,0.1699005
0.81625,0.17027363
0.81750,0.17064677
0.81875,0.1710199
0.82000,0.17139303
0.82125,0.21050995
0.82250,0.24962687
0.82375,0.28874378
0.82500,0.3278607
0.82625,0.33003731
0.82750,0.33221393
0.82875,0.33439055
0.83000,0.33656716
0.83125,0.37929104
0.83250,0.42201493
0.83375,0.46473881
0.83500,0.50746269
0.83625,0.322699
0.83750,0.13793532
0.83875,-0.046828358
0.84000,-0.23159204
0.84125,-0.25503731
0.84250,-0.27848259
0.84375,-0.30192786
0.84500,-0.32537313
0.84625,-0.28706468
0.84750,-0.24875622
0.84875,-0.21044776
0.85000,-0.1721393
0.85125,-0.1630597
0.85250,-0.1539801
0.85375,-0.1449005
0.85500,-0.1358209
0.85625,-0.09738806
0.85750,-0.058955224
0.85875,-0.020522388
0.86000,0.017910448
0.86125,0.055410448
0.86250,0.092910448
0.86375,0.13041045
0.86500,0.16791045
0.86625,0.059577114
0.86750,-0.048756219
0.86875,-0.15708955
0.87000,-0.26542289
0.87125,-0.29160448
0.87250,-0.31778607
0.87375,-0.34396766
0.87500,-0.37014925
0.87625,-0.34421642
0.87750,-0.31828358
0.87875,-0.29235075
0.88000,-0.26641791
0.88125,-0.27207711
0.88250,-0.27773632
0.88375,-0.28339552
0.88500,-0.28905473
0.88625,-0.2641791
0.88750,-0.23930348
0.88875,-0.21442786
0.89000,-0.18955224
0.89125,-0.17692786
0.89250,-0.16430348
0.89375,-0.1516791
0.89500,-0.13905473
0.89625,-0.11766169
0.89750,-0.096268657
0.89875,-0.074875622
0.90000,-0.053482587
0.90125,-0.047947761
0.90250,-0.042412935
0.90375,-0.036878109
0.90500,-0.031343284
0.90625,-0.065422886
0.90750,-0.099502488
0.90875,-0.13358209
0.91000,-0.16766169
0.91125,-0.14589552
0.91250,-0.12412935
0.91375,-0.10236318
0.91500,-0.080597015
0.91625,-0.081405473
0.91750,-0.08221393
0.91875,-0.083022388
0.92000,-0.083830846
0.92125,-0.069651741
0.92250,-0.055472637
0.92375,-0.041293532
0.92500,-0.027114428
0.92625,-0.019278607
0.92750,-0.011442786
0.92875,-0.003606965
0.93000,0.004228856
0.93125,0.021766169
0.93250,0.039303483
0.93375,0.056840796
0.93500,0.074378109
0.93625,0.086131841
0.93750,0.097885572
0.93875,0.1096393
0.94000,0.12139303
0.94125,0.12885572
0.94250,0.13631841
0.94375,0.14378109
0.94500,0.15124378
0.94625,0.12723881
0.94750,0.10323383
0.94875,0.079228856
0.95000,0.055223881
0.95125,0.039427861
0.95250,0.023631841
0.95375,0.007835821
0.95500,-0.007960199
0.95625,-0.021206468
0.95750,-0.034452736
0.95875,-0.047699005
0.96000,-0.060945274
0.96125,-0.040920398
0.96250,-0.020895522
0.96375,-0.000870647
0.96500,0.019154229
0.96625,0.027487562
0.96750,0.035820896
0.96875,0.044154229
0.97000,0.052487562
0.97125,0.074689055
0.97250,0.096890547
0.97375,0.11909204
0.97500,0.14129353
0.97625,0.15733831
0.97750,0.17338308
0.97875,0.18942786
0.98000,0.20547264
0.98125,0.22910448
0.98250,0.25273632
0.98375,0.27636816
0.98500,0.3
0.98625,0.31691542
0.98750,0.33383085
0.98875,0.35074627
0.99000,0.36766169
0.99125,0.38376866
0.99250,0.39987562
0.99375,0.41598259
0.99500,0.43208955
0.99625,0.35024876
0.99750,0.26840796
0.99875,0.18656716
1.00000,0.10472637
1.00125,0.080348259
1.00250,0.055970149
1.00375,0.03159204
1.00500,0.00721393
1.00625,0.021517413
1.00750,0.035820896
1.00875,0.050124378
1.01000,0.064427861
1.01125,0.066542289
1.01250,0.068656716
1.01375,0.070771144
1.01500,0.072885572
1.01625,0.051243781
1.01750,0.02960199
1.01875,0.007960199
1.02000,-0.013681592
1.02125,-0.019402985
1.02250,-0.025124378
1.02375,-0.030845771
1.02500,-0.036567164
1.02625,-0.018532338
1.02750,-0.000497512
1.02875,0.017537313
1.03000,0.035572139
1.03125,0.03949005
1.03250,0.04340796
1.03375,0.047325871
1.03500,0.051243781
1.03625,0.069465174
1.03750,0.087686567
1.03875,0.10590796
1.04000,0.12412935
1.04125,0.13320896
1.04250,0.14228856
1.04375,0.15136816
1.04500,0.16044776
1.04625,0.17985075
1.04750,0.19925373
1.04875,0.21865672
1.05000,0.2380597
1.05125,0.24869403
1.05250,0.25932836
1.05375,0.26996269
1.05500,0.28059701
1.05625,0.30043532
1.05750,0.32027363
1.05875,0.34011194
1.06000,0.35995025
1.06125,0.37126866
1.06250,0.38258706
1.06375,0.39390547
1.06500,0.40522388
1.06625,0.42487562
1.06750,0.44452736
1.06875,0.4641791
1.07000,0.48383085
1.07125,0.47829602
1.07250,0.47276119
1.07375,0.46722637
1.07500,0.46169154
1.07625,0.46965174
1.07750,0.47761194
1.07875,0.48557214
1.08000,0.49353234
1.08125,0.48016169
1.08250,0.46679104
1.08375,0.4534204
1.08500,0.44004975
1.08625,0.40777363
1.08750,0.37549751
1.08875,0.34322139
1.09000,0.31094527
1.09125,0.15814677
1.09250,0.005348259
1.09375,-0.14745025
1.09500,-0.30024876
1.09625,-0.25889303
1.09750,-0.21753731
1.09875,-0.17618159
1.10000,-0.13482587
1.10125,-0.125
1.10250,-0.11517413
1.10375,-0.10534826
1.10500,-0.095522388
1.10625,-0.090982587
1.10750,-0.086442786
1.10875,-0.081902985
1.11000,-0.077363184
1.11125,-0.12754975
1.11250,-0.17773632
1.11375,-0.22792289
1.11500,-0.27810945
1.11625,-0.31187811
1.11750,-0.34564677
1.11875,-0.37941542
1.12000,-0.41318408
1.12125,-0.46312189
1.12250,-0.5130597
1.12375,-0.56299751
1.12500,-0.61293532
1.12625,-0.58563433
1.12750,-0.55833333
1.12875,-0.53103234
1.13000,-0.50373134
1.13125,-0.49191542
1.13250,-0.4800995
1.13375,-0.46828358
1.13500,-0.45646766
1.13625,-0.42425373
1.13750,-0.3920398
1.13875,-0.35982587
1.14000,-0.32761194
1.14125,-0.30541045
1.14250,-0.28320896
1.14375,-0.26100746
1.14500,-0.23880597
1.14625,-0.19931592
1.14750,-0.15982587
1.14875,-0.12033582
1.15000,-0.080845771
1.15125,-0.051057214
1.15250,-0.021268657
1.15375,0.008519901
1.15500,0.038308458
1.15625,0.079477612
1.15750,0.12064677
1.15875,0.16181592
1.16000,0.20298507
1.16125,0.23426617
1.16250,0.26554726
1.16375,0.29682836
1.16500,0.32810945
1.16625,0.35914179
1.16750,0.39017413
1.16875,0.42120647
1.17000,0.45223881
1.17125,0.33557214
1.17250,0.21890547
1.17375,0.10223881
1.17500,-0.014427861
1.17625,-0.021330846
1.17750,-0.028233831
1.17875,-0.035136816
1.18000,-0.042039801
1.18125,-0.01380597
1.18250,0.014427861
1.18375,0.042661692
1.18500,0.070895522
1.18625,0.080970149
1.18750,0.091044776
1.18875,0.1011194
1.19000,0.11119403
1.19125,0.14452736
1.19250,0.1778607
1.19375,0.21119403
1.19500,0.24452736
1.19625,0.27195274
1.19750,0.29937811
1.19875,0.32680348
1.20000,0.35422886
1.20125,0.38090796
1.20250,0.40758706
1.20375,0.43426617
1.20500,0.46094527
1.20625,0.49844527
1.20750,0.53594527
1.20875,0.57344527
1.21000,0.61094527
1.21125,0.56299751
1.21250,0.51504975
1.21375,0.46710199
1.21500,0.41915423
1.21625,0.22854478
1.21750,0.037935323
1.21875,-0.15267413
1.22000,-0.34328358
1.22125,-0.31958955
1.22250,-0.29589552
1.22375,-0.27220149
1.22500,-0.24850746
1.22625,-0.25410448
1.22750,-0.25970149
1.22875,-0.26529851
1.23000,-0.27089552
1.23125,-0.25957711
1.23250,-0.24825871
1.23375,-0.2369403
1.23500,-0.22562189
1.23625,-0.19838308
1.23750,-0.17114428
1.23875,-0.14390547
1.24000,-0.11666667
1.24125,-0.16523632
1.24250,-0.21380597
1.24375,-0.26237562
1.24500,-0.31094527
1.24625,-0.36449005
1.24750,-0.41803483
1.24875,-0.4715796
1.25000,-0.52512438
1.25125,-0.49440299
1.25250,-0.46368159
1.25375,-0.4329602
1.25500,-0.40223881
1.25625,-0.40690299
1.25750,-0.41156716
1.25875,-0.41623134
1.26000,-0.42089552
1.26125,-0.39689055
1.26250,-0.37288557
1.26375,-0.3488806
1.26500,-0.32487562
1.26625,-0.31274876
1.26750,-0.30062189
1.26875,-0.28849502
1.27000,-0.27636816
1.27125,-0.25534826
1.27250,-0.23432836
1.27375,-0.21330846
1.27500,-0.19228856
1.27625,-0.17593284
1.27750,-0.15957711
1.27875,-0.14322139
1.28000,-0.12686567
1.28125,-0.1289801
1.28250,-0.13109453
1.28375,-0.13320896
1.28500,-0.13532338
1.28625,-0.1761194
1.28750,-0.21691542
1.28875,-0.25771144
1.29000,-0.29850746
1.29125,-0.29906716
1.29250,-0.29962687
1.29375,-0.30018657
1.29500,-0.30074627
1.29625,-0.29757463
1.29750,-0.29440299
1.29875,-0.29123134
1.30000,-0.2880597
1.30125,-0.28725124
1.30250,-0.28644279
1.30375,-0.28563433
1.30500,-0.28482587
1.30625,-0.25820896
1.30750,-0.23159204
1.30875,-0.20497512
1.31000,-0.17835821
1.31125,-0.16772388
1.31250,-0.15708955
1.31375,-0.14645522
1.31500,-0.1358209
1.31625,-0.097885572
1.31750,-0.059950249
1.31875,-0.022014925
1.32000,0.015920398
1.32125,-0.038059701
1.32250,-0.092039801
1.32375,-0.1460199
1.32500,-0.2
1.32625,-0.25161692
1.32750,-0.30323383
1.32875,-0.35485075
1.33000,-0.40646766
1.33125,-0.35827114
1.33250,-0.31007463
1.33375,-0.26187811
1.33500,-0.21368159
1.33625,-0.22002488
1.33750,-0.22636816
1.33875,-0.23271144
1.34000,-0.23905473
1.34125,-0.20391791
1.34250,-0.16878109
1.34375,-0.13364428
1.34500,-0.098507463
1.34625,-0.083022388
1.34750,-0.067537313
1.34875,-0.052052239
1.35000,-0.036567164
1.35125,-0.007587065
1.35250,0.021393035
1.35375,0.050373134
1.35500,0.079353234
1.35625,0.099813433
1.35750,0.12027363
1.35875,0.14073383
1.36000,0.16119403
1.36125,0.17537313
1.36250,0.18955224
1.36375,0.20373134
1.36500,0.21791045
1.36625,0.19278607
1.36750,0.16766169
1.36875,0.14253731
1.37000,0.11741294
1.37125,0.10037313
1.37250,0.083333333
1.37375,0.066293532
1.37500,0.049253731
1.37625,0.035261194
1.37750,0.021268657
1.37875,0.007276119
1.38000,-0.006716418
1.38125,0.013121891
1.38250,0.032960199
1.38375,0.052798507
1.38500,0.072636816
1.38625,0.082151741
1.38750,0.091666667
1.38875,0.10118159
1.39000,0.11069652
1.39125,0.1318408
1.39250,0.15298507
1.39375,0.17412935
1.39500,0.19527363
1.39625,0.21069652
1.39750,0.2261194
1.39875,0.24154229
1.40000,0.25696517
1.40125,0.27680348
1.40250,0.29664179
1.40375,0.3164801
1.40500,0.33631841
1.40625,0.35211443
1.40750,0.36791045
1.40875,0.38370647
1.41000,0.39950249
1.41125,0.4153607
1.41250,0.43121891
1.41375,0.44707711
1.41500,0.46293532
1.41625,0.42686567
1.41750,0.39079602
1.41875,0.35472637
1.42000,0.31865672
1.42125,0.27879353
1.42250,0.23893035
1.42375,0.19906716
1.42500,0.15920398
1.42625,0.13208955
1.42750,0.10497512
1.42875,0.077860697
1.43000,0.050746269
1.43125,0.057587065
1.43250,0.064427861
1.43375,0.071268657
1.43500,0.078109453
1.43625,0.081778607
1.43750,0.085447761
1.43875,0.089116915
1.44000,0.09278607
1.44125,0.10043532
1.44250,0.10808458
1.44375,0.11573383
1.44500,0.12338308
1.44625,0.10715174
1.44750,0.090920398
1.44875,0.074689055
1.45000,0.058457711
1.45125,0.038619403
1.45250,0.018781095
1.45375,-0.001057214
1.45500,-0.020895522
1.45625,-0.026119403
1.45750,-0.031343284
1.45875,-0.036567164
1.46000,-0.041791045
1.46125,-0.038370647
1.46250,-0.034950249
1.46375,-0.031529851
1.46500,-0.028109453
1.46625,-0.035323383
1.46750,-0.042537313
1.46875,-0.049751244
1.47000,-0.056965174
1.47125,-0.058146766
1.47250,-0.059328358
1.47375,-0.06050995
1.47500,-0.061691542
1.47625,-0.056032338
1.47750,-0.050373134
1.47875,-0.04471393
1.48000,-0.039054726
1.48125,-0.03358209
1.48250,-0.028109453
1.48375,-0.022636816
1.48500,-0.017164179
1.48625,-0.003731343
1.48750,0.009701493
1.48875,0.023134328
1.49000,0.036567164
1.49125,0.050995025
1.49250,0.065422886
1.49375,0.079850746
1.49500,0.094278607
1.49625,0.10671642
1.49750,0.11915423
1.49875,0.13159204
1.50000,0.14402985
1.50125,0.1238806
1.50250,0.10373134
1.50375,0.08358209
1.50500,0.063432836
1.50625,0.045024876
1.50750,0.026616915
1.50875,0.008208955
1.51000,-0.010199005
1.51125,-0.034266169
1.51250,-0.058333333
1.51375,-0.082400498
1.51500,-0.10646766
1.51625,-0.088121891
1.51750,-0.069776119
1.51875,-0.051430348
1.52000,-0.033084577
1.52125,-0.018905473
1.52250,-0.004726368
1.52375,0.009452736
1.52500,0.023631841
1.52625,0.032027363
1.52750,0.040422886
1.52875,0.048818408
1.53000,0.05721393
1.53125,0.03488806
1.53250,0.012562189
1.53375,-0.009763682
1.53500,-0.032089552
1.53625,-0.027176617
1.53750,-0.022263682
1.53875,-0.017350746
1.54000,-0.012437811
1.54125,-0.004353234
1.54250,0.003731343
1.54375,0.01181592
1.54500,0.019900498
1.54625,0.027985075
1.54750,0.036069652
1.54875,0.044154229
1.55000,0.052238806
1.55125,0.062810945
1.55250,0.073383085
1.55375,0.083955224
1.55500,0.094527363
1.55625,0.10261194
1.55750,0.11069652
1.55875,0.11878109
1.56000,0.12686567
1.56125,0.10491294
1.56250,0.082960199
1.56375,0.061007463
1.56500,0.039054726
1.56625,0.027300995
1.56750,0.015547264
1.56875,0.003793532
1.57000,-0.007960199
1.57125,-0.012873134
1.57250,-0.01778607
1.57375,-0.022699005
1.57500,-0.02761194
1.57625,-0.02039801
1.57750,-0.01318408
1.57875,-0.005970149
1.58000,0.001243781
1.58125,0.005659204
1.58250,0.010074627
1.58375,0.01449005
1.58500,0.018905473
1.58625,0.016355721
1.58750,0.01380597
1.58875,0.011256219
1.59000,0.008706468
1.59125,0.000621891
1.59250,-0.007462687
1.59375,-0.015547264
1.59500,-0.023631841
1.59625,-0.019962687
1.59750,-0.016293532
1.59875,-0.012624378
1.60000,-0.008955224
1.60125,-0.007711443
1.60250,-0.006467662
1.60375,-0.005223881
1.60500,-0.0039801
1.60625,-0.000621891
1.60750,0.002736318
1.60875,0.006094527
1.61000,0.009452736
1.61125,0.012375622
1.61250,0.015298507
1.61375,0.018221393
1.61500,0.021144279
1.61625,0.012375622
1.61750,0.003606965
1.61875,-0.005161692
1.62000,-0.013930348
1.62125,-0.029353234
1.62250,-0.044776119
1.62375,-0.060199005
1.62500,-0.075621891
1.62625,-0.08289801
1.62750,-0.090174129
1.62875,-0.097450249
1.63000,-0.10472637
1.63125,-0.093718905
1.63250,-0.082711443
1.63375,-0.07170398
1.63500,-0.060696517
1.63625,-0.060199005
1.63750,-0.059701493
1.63875,-0.05920398
1.64000,-0.058706468
1.64125,-0.055037313
1.64250,-0.051368159
1.64375,-0.047699005
1.64500,-0.044029851
1.64625,-0.041044776
1.64750,-0.038059701
1.64875,-0.035074627
1.65000,-0.032089552
1.65125,-0.025186567
1.65250,-0.018283582
1.65375,-0.011380597
1.65500,-0.004477612
1.65625,0.009266169
1.65750,0.02300995
1.65875,0.036753731
1.66000,0.050497512
1.66125,0.031156716
1.66250,0.01181592
1.66375,-0.007524876
1.66500,-0.026865672
1.66625,-0.025808458
1.66750,-0.024751244
1.66875,-0.02369403
1.67000,-0.022636816
1.67125,-0.01909204
1.67250,-0.015547264
1.67375,-0.012002488
1.67500,-0.008457711
1.67625,-0.012935323
1.67750,-0.017412935
1.67875,-0.021890547
1.68000,-0.026368159
1.68125,-0.026679104
1.68250,-0.02699005
1.68375,-0.027300995
1.68500,-0.02761194
1.68625,-0.026865672
1.68750,-0.026119403
1.68875,-0.025373134
1.69000,-0.024626866
1.69125,-0.018594527
1.69250,-0.012562189
1.69375,-0.006529851
1.69500,-0.000497512
1.69625,0.004166667
1.69750,0.008830846
1.69875,0.013495025
1.70000,0.018159204
1.70125,0.028233831
1.70250,0.038308458
1.70375,0.048383085
1.70500,0.058457711
1.70625,0.065920398
1.70750,0.073383085
1.70875,0.080845771
1.71000,0.088308458
1.71125,0.11007463
1.71250,0.1318408
1.71375,0.15360697
1.71500,0.17537313
1.71625,0.17997512
1.71750,0.18457711
1.71875,0.1891791
1.72000,0.19378109
1.72125,0.15677861
1.72250,0.11977612
1.72375,0.082773632
1.72500,0.045771144
1.72625,0.017972637
1.72750,-0.009825871
1.72875,-0.037624378
1.73000,-0.065422886
1.73125,-0.056778607
1.73250,-0.048134328
1.73375,-0.03949005
1.73500,-0.030845771
1.73625,-0.025746269
1.73750,-0.020646766
1.73875,-0.015547264
1.74000,-0.010447761
1.74125,0.002052239
1.74250,0.014552239
1.74375,0.027052239
1.74500,0.039552239
1.74625,0.032649254
1.74750,0.025746269
1.74875,0.018843284
1.75000,0.011940299
1.75125,-0.004664179
1.75250,-0.021268657
1.75375,-0.037873134
1.75500,-0.054477612
1.75625,-0.069900498
1.75750,-0.085323383
1.75875,-0.10074627
1.76000,-0.11616915
1.76125,-0.11374378
1.76250,-0.11131841
1.76375,-0.10889303
1.76500,-0.10646766
1.76625,-0.093283582
1.76750,-0.080099502
1.76875,-0.066915423
1.77000,-0.053731343
1.77125,-0.042972637
1.77250,-0.03221393
1.77375,-0.021455224
1.77500,-0.010696517
1.77625,0.001865672
1.77750,0.014427861
1.77875,0.02699005
1.78000,0.039552239
1.78125,0.049564677
1.78250,0.059577114
1.78375,0.069589552
1.78500,0.07960199
1.78625,0.085758706
1.78750,0.091915423
1.78875,0.098072139
1.79000,0.10422886
1.79125,0.085820896
1.79250,0.067412935
1.79375,0.049004975
1.79500,0.030597015
1.79625,0.012997512
1.79750,-0.00460199
1.79875,-0.022201493
1.80000,-0.039800995
1.80125,-0.042537313
1.80250,-0.045273632
1.80375,-0.04800995
1.80500,-0.050746269
1.80625,-0.043159204
1.80750,-0.035572139
1.80875,-0.027985075
1.81000,-0.02039801
1.81125,-0.028109453
1.81250,-0.035820896
1.81375,-0.043532338
1.81500,-0.051243781
1.81625,-0.046952736
1.81750,-0.042661692
1.81875,-0.038370647
1.82000,-0.034079602
1.82125,-0.0289801
1.82250,-0.023880597
1.82375,-0.018781095
1.82500,-0.013681592
1.82625,-0.006965174
1.82750,-0.000248756
1.82875,0.006467662
1.83000,0.01318408
1.83125,0.018221393
1.83250,0.023258706
1.83375,0.02829602
1.83500,0.033333333
1.83625,0.041542289
1.83750,0.049751244
1.83875,0.057960199
1.84000,0.066169154
1.84125,0.064054726
1.84250,0.061940299
1.84375,0.059825871
1.84500,0.057711443
1.84625,0.048196517
1.84750,0.038681592
1.84875,0.029166667
1.85000,0.019651741
1.85125,0.014241294
1.85250,0.008830846
1.85375,0.003420398
1.85500,-0.00199005
1.85625,0.010945274
1.85750,0.023880597
1.85875,0.03681592
1.86000,0.049751244
1.86125,0.064365672
1.86250,0.0789801
1.86375,0.093594527
1.86500,0.10820896
1.86625,0.11175373
1.86750,0.11529851
1.86875,0.11884328
1.87000,0.12238806
1.87125,0.10366915
1.87250,0.084950249
1.87375,0.066231343
1.87500,0.047512438
1.87625,0.041355721
1.87750,0.035199005
1.87875,0.029042289
1.88000,0.022885572
1.88125,0.01579602
1.88250,0.008706468
1.88375,0.001616915
1.88500,-0.005472637
1.88625,-0.005410448
1.88750,-0.005348259
1.88875,-0.00528607
1.89000,-0.005223881
1.89125,-0.00068408
1.89250,0.003855721
1.89375,0.008395522
1.89500,0.012935323
1.89625,0.015485075
1.89750,0.018034826
1.89875,0.020584577
1.90000,0.023134328
1.90125,0.033208955
1.90250,0.043283582
1.90375,0.053358209
1.90500,0.063432836
1.90625,0.070460199
1.90750,0.077487562
1.90875,0.084514925
1.91000,0.091542289
1.91125,0.10130597
1.91250,0.11106965
1.91375,0.12083333
1.91500,0.13059701
1.91625,0.13159204
1.91750,0.13258706
1.91875,0.13358209
1.92000,0.13457711
1.92125,0.12736318
1.92250,0.12014925
1.92375,0.11293532
1.92500,0.10572139
1.92625,0.10404229
1.92750,0.10236318
1.92875,0.10068408
1.93000,0.099004975
1.93125,0.10901741
1.93250,0.11902985
1.93375,0.12904229
1.93500,0.13905473
1.93625,0.15130597
1.93750,0.16355721
1.93875,0.17580846
1.94000,0.1880597
1.94125,0.16374378
1.94250,0.13942786
1.94375,0.11511194
1.94500,0.09079602
1.94625,0.093656716
1.94750,0.096517413
1.94875,0.099378109
1.95000,0.10223881
1.95125,0.082773632
1.95250,0.063308458
1.95375,0.043843284
1.95500,0.024378109
1.95625,0.005597015
1.95750,-0.01318408
1.95875,-0.031965174
1.96000,-0.050746269
1.96125,-0.053544776
1.96250,-0.056343284
1.96375,-0.059141791
1.96500,-0.061940299
1.96625,-0.071641791
1.96750,-0.081343284
1.96875,-0.091044776
1.97000,-0.10074627
1.97125,-0.10124378
1.97250,-0.10174129
1.97375,-0.10223881
1.97500,-0.10273632
1.97625,-0.10634328
1.97750,-0.10995025
1.97875,-0.11355721
1.98000,-0.11716418
1.98125,-0.114801
1.98250,-0.11243781
1.98375,-0.11007463
1.98500,-0.10771144
1.98625,-0.10926617
1.98750,-0.1108209
1.98875,-0.11237562
1.99000,-0.11393035
1.99125,-0.088992537
1.99250,-0.064054726
1.99375,-0.039116915
1.99500,-0.014179104
1.99625,0.000435323
1.99750,0.015049751
1.99875,0.029664179
2.00000,0.044278607
2.00125,0.020273632
2.00250,-0.003731343
2.00375,-0.027736318
2.00500,-0.051741294
2.00625,-0.069402985
2.00750,-0.087064677
2.00875,-0.10472637
2.01000,-0.12238806
2.01125,-0.12475124
2.01250,-0.12711443
2.01375,-0.12947761
2.01500,-0.1318408
2.01625,-0.12139303
2.01750,-0.11094527
2.01875,-0.10049751
2.02000,-0.090049751
2.02125,-0.092723881
2.02250,-0.09539801
2.02375,-0.098072139
2.02500,-0.10074627
2.02625,-0.09471393
2.02750,-0.088681592
2.02875,-0.082649254
2.03000,-0.076616915
2.03125,-0.077114428
2.03250,-0.07761194
2.03375,-0.078109453
2.03500,-0.078606965
2.03625,-0.075435323
2.03750,-0.072263682
2.03875,-0.06909204
2.04000,-0.065920398
2.04125,-0.065920398
2.04250,-0.065920398
2.04375,-0.065920398
2.04500,-0.065920398
2.04625,-0.066169154
2.04750,-0.06641791
2.04875,-0.066666667
2.05000,-0.066915423
2.05125,-0.071641791
2.05250,-0.076368159
2.05375,-0.081094527
2.05500,-0.085820896
2.05625,-0.08358209
2.05750,-0.081343284
2.05875,-0.079104478
2.06000,-0.076865672
2.06125,-0.071144279
2.06250,-0.065422886
2.06375,-0.059701493
2.06500,-0.0539801
2.06625,-0.045335821
2.06750,-0.036691542
2.06875,-0.028047264
2.07000,-0.019402985
2.07125,-0.009141791
2.07250,0.001119403
2.07375,0.011380597
2.07500,0.021641791
2.07625,0.033706468
2.07750,0.045771144
2.07875,0.057835821
2.08000,0.069900498
2.08125,0.07170398
2.08250,0.073507463
2.08375,0.075310945
2.08500,0.077114428
2.08625,0.080099502
2.08750,0.083084577
2.08875,0.086069652
2.09000,0.089054726
2.09125,0.087997512
2.09250,0.086940299
2.09375,0.085883085
2.09500,0.084825871
2.09625,0.085883085
2.09750,0.086940299
2.09875,0.087997512
2.10000,0.089054726
2.10125,0.084639303
2.10250,0.080223881
2.10375,0.075808458
2.10500,0.071393035
2.10625,0.072512438
2.10750,0.073631841
2.10875,0.074751244
2.11000,0.075870647
2.11125,0.063868159
2.11250,0.051865672
2.11375,0.039863184
2.11500,0.027860697
2.11625,0.03420398
2.11750,0.040547264
2.11875,0.046890547
2.12000,0.053233831
2.12125,0.048383085
2.12250,0.043532338
2.12375,0.038681592
2.12500,0.033830846
2.12625,0.049253731
2.12750,0.064676617
2.12875,0.080099502
2.13000,0.095522388
2.13125,0.018097015
2.13250,-0.059328358
2.13375,-0.13675373
2.13500,-0.2141791
2.13625,-0.24452736
2.13750,-0.27487562
2.13875,-0.30522388
2.14000,-0.33557214
2.14125,-0.33513682
2.14250,-0.33470149
2.14375,-0.33426617
2.14500,-0.33383085
2.14625,-0.33457711
2.14750,-0.33532338
2.14875,-0.33606965
2.15000,-0.33681592
2.15125,-0.32680348
2.15250,-0.31679104
2.15375,-0.30677861
2.15500,-0.29676617
2.15625,-0.28737562
2.15750,-0.27798507
2.15875,-0.26859453
2.16000,-0.25920398
2.16125,-0.24595771
2.16250,-0.23271144
2.16375,-0.21946517
2.16500,-0.20621891
2.16625,-0.19514925
2.16750,-0.1840796
2.16875,-0.17300995
2.17000,-0.1619403
2.17125,-0.14906716
2.17250,-0.13619403
2.17375,-0.1233209
2.17500,-0.11044776
2.17625,-0.098880597
2.17750,-0.087313433
2.17875,-0.075746269
2.18000,-0.064179104
2.18125,-0.051865672
2.18250,-0.039552239
2.18375,-0.027238806
2.18500,-0.014925373
2.18625,-0.016853234
2.18750,-0.018781095
2.18875,-0.020708955
2.19000,-0.022636816
2.19125,-0.02829602
2.19250,-0.033955224
2.19375,-0.039614428
2.19500,-0.045273632
2.19625,-0.043097015
2.19750,-0.040920398
2.19875,-0.038743781
2.20000,-0.036567164
2.20125,-0.022139303
2.20250,-0.007711443
2.20375,0.006716418
2.20500,0.021144279
2.20625,0.025995025
2.20750,0.030845771
2.20875,0.035696517
2.21000,0.040547264
2.21125,0.0335199
2.21250,0.026492537
2.21375,0.019465174
2.21500,0.012437811
2.21625,0.025746269
2.21750,0.039054726
2.21875,0.052363184
2.22000,0.065671642
2.22125,0.085447761
2.22250,0.10522388
2.22375,0.125
2.22500,0.14477612
2.22625,0.1625
2.22750,0.18022388
2.22875,0.19794776
2.23000,0.21567164
2.23125,0.2363806
2.23250,0.25708955
2.23375,0.27779851
2.23500,0.29850746
2.23625,0.32929104
2.23750,0.36007463
2.23875,0.39085821
2.24000,0.42164179
2.24125,0.38532338
2.24250,0.34900498
2.24375,0.31268657
2.24500,0.27636816
2.24625,0.13886816
2.24750,0.001368159
2.24875,-0.13613184
2.25000,-0.27363184
2.25125,-0.22798507
2.25250,-0.18233831
2.25375,-0.13669154
2.25500,-0.091044776
2.25625,-0.095957711
2.25750,-0.10087065
2.25875,-0.10578358
2.26000,-0.11069652
2.26125,-0.097699005
2.26250,-0.084701493
2.26375,-0.07170398
2.26500,-0.058706468
2.26625,-0.10373134
2.26750,-0.14875622
2.26875,-0.19378109
2.27000,-0.23880597
2.27125,-0.2199005
2.27250,-0.20099502
2.27375,-0.18208955
2.27500,-0.16318408
2.27625,-0.15951493
2.27750,-0.15584577
2.27875,-0.15217662
2.28000,-0.14850746
2.28125,-0.15304726
2.28250,-0.15758706
2.28375,-0.16212687
2.28500,-0.16666667
2.28625,-0.15932836
2.28750,-0.15199005
2.28875,-0.14465174
2.29000,-0.13731343
2.29125,-0.10466418
2.29250,-0.072014925
2.29375,-0.039365672
2.29500,-0.006716418
2.29625,0.018470149
2.29750,0.043656716
2.29875,0.068843284
2.30000,0.094029851
2.30125,0.13718905
2.30250,0.18034826
2.30375,0.22350746
2.30500,0.26666667
2.30625,0.30379353
2.30750,0.3409204
2.30875,0.37804726
2.31000,0.41517413
2.31125,0.37027363
2.31250,0.32537313
2.31375,0.28047264
2.31500,0.23557214
2.31625,0.20205224
2.31750,0.16853234
2.31875,0.13501244
2.32000,0.10149254
2.32125,0.1175995
2.32250,0.13370647
2.32375,0.14981343
2.32500,0.1659204
2.32625,0.13264925
2.32750,0.099378109
2.32875,0.066106965
2.33000,0.032835821
2.33125,0.018718905
2.33250,0.00460199
2.33375,-0.009514925
2.33500,-0.023631841
2.33625,-0.050062189
2.33750,-0.076492537
2.33875,-0.10292289
2.34000,-0.12935323
2.34125,-0.14844527
2.34250,-0.16753731
2.34375,-0.18662935
2.34500,-0.20572139
2.34625,-0.22593284
2.34750,-0.24614428
2.34875,-0.26635572
2.35000,-0.28656716
2.35125,-0.28644279
2.35250,-0.28631841
2.35375,-0.28619403
2.35500,-0.28606965
2.35625,-0.26449005
2.35750,-0.24291045
2.35875,-0.22133085
2.36000,-0.19975124
2.36125,-0.17276119
2.36250,-0.14577114
2.36375,-0.11878109
2.36500,-0.091791045
2.36625,-0.067039801
2.36750,-0.042288557
2.36875,-0.017537313
2.37000,0.00721393
2.37125,0.039303483
2.37250,0.071393035
2.37375,0.10348259
2.37500,0.13557214
2.37625,0.17493781
2.37750,0.21430348
2.37875,0.25366915
2.38000,0.29303483
2.38125,0.3199005
2.38250,0.34676617
2.38375,0.37363184
2.38500,0.40049751
2.38625,0.28358209
2.38750,0.16666667
2.38875,0.049751244
2.39000,-0.067164179
2.39125,-0.048258706
2.39250,-0.029353234
2.39375,-0.010447761
2.39500,0.008457711
2.39625,0.002860697
2.39750,-0.002736318
2.39875,-0.008333333
2.40000,-0.013930348
2.40125,-0.00920398
2.40250,-0.004477612
2.40375,0.000248756
2.40500,0.004975124
2.40625,0.012810945
2.40750,0.020646766
2.40875,0.028482587
2.41000,0.036318408
2.41125,0.060634328
2.41250,0.084950249
2.41375,0.10926617
2.41500,0.13358209
2.41625,0.14981343
2.41750,0.16604478
2.41875,0.18227612
2.42000,0.19850746
2.42125,0.13613184
2.42250,0.073756219
2.42375,0.011380597
2.42500,-0.050995025
2.42625,-0.074937811
2.42750,-0.098880597
2.42875,-0.12282338
2.43000,-0.14676617
2.43125,-0.12058458
2.43250,-0.094402985
2.43375,-0.068221393
2.43500,-0.042039801
2.43625,-0.042412935
2.43750,-0.04278607
2.43875,-0.043159204
2.44000,-0.043532338
2.44125,-0.034390547
2.44250,-0.025248756
2.44375,-0.016106965
2.44500,-0.006965174
2.44625,-0.000621891
2.44750,0.005721393
2.44875,0.012064677
2.45000,0.01840796
2.45125,0.037562189
2.45250,0.056716418
2.45375,0.075870647
2.45500,0.095024876
2.45625,0.10652985
2.45750,0.11803483
2.45875,0.1295398
2.46000,0.14104478
2.46125,0.15261194
2.46250,0.1641791
2.46375,0.17574627
2.46500,0.18731343
2.46625,0.19029851
2.46750,0.19328358
2.46875,0.19626866
2.47000,0.19925373
2.47125,0.18625622
2.47250,0.17325871
2.47375,0.16026119
2.47500,0.14726368
2.47625,0.12935323
2.47750,0.11144279
2.47875,0.093532338
2.48000,0.075621891
2.48125,0.058146766
2.48250,0.040671642
2.48375,0.023196517
2.48500,0.005721393
2.48625,0.008271144
2.48750,0.010820896
2.48875,0.013370647
2.49000,0.015920398
2.49125,-0.013308458
2.49250,-0.042537313
2.49375,-0.071766169
2.49500,-0.10099502
2.49625,-0.10379353
2.49750,-0.10659204
2.49875,-0.10939055
2.50000,-0.11218905
2.50125,-0.089054726
2.50250,-0.065920398
2.50375,-0.04278607
2.50500,-0.019651741
2.50625,-0.004291045
2.50750,0.011069652
2.50875,0.026430348
2.51000,0.041791045
2.51125,0.066604478
2.51250,0.09141791
2.51375,0.11623134
2.51500,0.14104478
2.51625,0.11156716
2.51750,0.082089552
2.51875,0.05261194
2.52000,0.023134328
2.52125,0.013930348
2.52250,0.004726368
2.52375,-0.004477612
2.52500,-0.013681592
2.52625,-0.007524876
2.52750,-0.001368159
2.52875,0.004788557
2.53000,0.010945274
2.53125,0.000559701
2.53250,-0.009825871
2.53375,-0.020211443
2.53500,-0.030597015
2.53625,-0.040485075
2.53750,-0.050373134
2.53875,-0.060261194
2.54000,-0.070149254
2.54125,-0.079788557
2.54250,-0.089427861
2.54375,-0.099067164
2.54500,-0.10870647
2.54625,-0.1034204
2.54750,-0.098134328
2.54875,-0.092848259
2.55000,-0.087562189
2.55125,-0.081529851
2.55250,-0.075497512
2.55375,-0.069465174
2.55500,-0.063432836
2.55625,-0.054477612
2.55750,-0.045522388
2.55875,-0.036567164
2.56000,-0.02761194
2.56125,-0.007960199
2.56250,0.011691542
2.56375,0.031343284
2.56500,0.050995025
2.56625,0.070522388
2.56750,0.090049751
2.56875,0.10957711
2.57000,0.12910448
2.57125,0.14993781
2.57250,0.17077114
2.57375,0.19160448
2.57500,0.21243781
2.57625,0.23047264
2.57750,0.24850746
2.57875,0.26654229
2.58000,0.28457711
2.58125,0.25901741
2.58250,0.23345771
2.58375,0.20789801
2.58500,0.18233831
2.58625,0.15149254
2.58750,0.12064677
2.58875,0.089800995
2.59000,0.058955224
2.59125,0.021330846
2.59250,-0.016293532
2.59375,-0.05391791
2.59500,-0.091542289
2.59625,-0.08550995
2.59750,-0.079477612
2.59875,-0.073445274
2.60000,-0.067412935
2.60125,-0.064054726
2.60250,-0.060696517
2.60375,-0.057338308
2.60500,-0.0539801
2.60625,-0.094776119
2.60750,-0.13557214
2.60875,-0.17636816
2.61000,-0.21716418
2.61125,-0.22338308
2.61250,-0.22960199
2.61375,-0.2358209
2.61500,-0.2420398
2.61625,-0.2181592
2.61750,-0.19427861
2.61875,-0.17039801
2.62000,-0.14651741
2.62125,-0.13078358
2.62250,-0.11504975
2.62375,-0.09931592
2.62500,-0.08358209
2.62625,-0.05789801
2.62750,-0.03221393
2.62875,-0.006529851
2.63000,0.019154229
2.63125,0.030472637
2.63250,0.041791045
2.63375,0.053109453
2.63500,0.064427861
2.63625,0.079912935
2.63750,0.09539801
2.63875,0.11088308
2.64000,0.12636816
2.64125,0.11722637
2.64250,0.10808458
2.64375,0.098942786
2.64500,0.089800995
2.64625,0.07238806
2.64750,0.054975124
2.64875,0.037562189
2.65000,0.020149254
2.65125,0.011629353
2.65250,0.003109453
2.65375,-0.005410448
2.65500,-0.013930348
2.65625,-0.023445274
2.65750,-0.032960199
2.65875,-0.042475124
2.66000,-0.05199005
2.66125,-0.058706468
2.66250,-0.065422886
2.66375,-0.072139303
2.66500,-0.078855721
2.66625,-0.073942786
2.66750,-0.069029851
2.66875,-0.064116915
2.67000,-0.05920398
2.67125,-0.06778607
2.67250,-0.076368159
2.67375,-0.084950249
2.67500,-0.093532338
2.67625,-0.10435323
2.67750,-0.11517413
2.67875,-0.12599502
2.68000,-0.13681592
2.68125,-0.14751244
2.68250,-0.15820896
2.68375,-0.16890547
2.68500,-0.17960199
2.68625,-0.1846393
2.68750,-0.18967662
2.68875,-0.19471393
2.69000,-0.19975124
2.69125,-0.18233831
2.69250,-0.16492537
2.69375,-0.14751244
2.69500,-0.1300995
2.69625,-0.11871891
2.69750,-0.10733831
2.69875,-0.095957711
2.70000,-0.084577114
2.70125,-0.064116915
2.70250,-0.043656716
2.70375,-0.023196517
2.70500,-0.002736318
2.70625,0.00199005
2.70750,0.006716418
2.70875,0.011442786
2.71000,0.016169154
2.71125,0.009825871
2.71250,0.003482587
2.71375,-0.002860697
2.71500,-0.00920398
2.71625,-0.00721393
2.71750,-0.005223881
2.71875,-0.003233831
2.72000,-0.001243781
2.72125,-0.011380597
2.72250,-0.021517413
2.72375,-0.031654229
2.72500,-0.041791045
2.72625,-0.056840796
2.72750,-0.071890547
2.72875,-0.086940299
2.73000,-0.10199005
2.73125,-0.081467662
2.73250,-0.060945274
2.73375,-0.040422886
2.73500,-0.019900498
2.73625,-0.010012438
2.73750,-0.000124378
2.73875,0.009763682
2.74000,0.019651741
2.74125,0.037997512
2.74250,0.056343284
2.74375,0.074689055
2.74500,0.093034826
2.74625,0.10802239
2.74750,0.12300995
2.74875,0.13799751
2.75000,0.15298507
2.75125,0.15609453
2.75250,0.15920398
2.75375,0.16231343
2.75500,0.16542289
2.75625,0.13986318
2.75750,0.11430348
2.75875,0.088743781
2.76000,0.06318408
2.76125,0.043843284
2.76250,0.024502488
2.76375,0.005161692
2.76500,-0.014179104
2.76625,-0.04011194
2.76750,-0.066044776
2.76875,-0.091977612
2.77000,-0.11791045
2.77125,-0.11057214
2.77250,-0.10323383
2.77375,-0.095895522
2.77500,-0.088557214
2.77625,-0.081529851
2.77750,-0.074502488
2.77875,-0.067475124
2.78000,-0.060447761
2.78125,-0.048320896
2.78250,-0.03619403
2.78375,-0.024067164
2.78500,-0.011940299
2.78625,-0.001119403
2.78750,0.009701493
2.78875,0.020522388
2.79000,0.031343284
2.79125,0.047077114
2.79250,0.062810945
2.79375,0.078544776
2.79500,0.094278607
2.79625,0.085696517
2.79750,0.077114428
2.79875,0.068532338
2.80000,0.059950249
2.80125,0.030845771
2.80250,0.001741294
2.80375,-0.027363184
2.80500,-0.056467662
2.80625,-0.068967662
2.80750,-0.081467662
2.80875,-0.093967662
2.81000,-0.10646766
2.81125,-0.12207711
2.81250,-0.13768657
2.81375,-0.15329602
2.81500,-0.16890547
2.81625,-0.16778607
2.81750,-0.16666667
2.81875,-0.16554726
2.82000,-0.16442786
2.82125,-0.16001244
2.82250,-0.15559701
2.82375,-0.15118159
2.82500,-0.14676617
2.82625,-0.14197761
2.82750,-0.13718905
2.82875,-0.1324005
2.83000,-0.12761194
2.83125,-0.12108209
2.83250,-0.11455224
2.83375,-0.10802239
2.83500,-0.10149254
2.83625,-0.095335821
2.83750,-0.089179104
2.83875,-0.083022388
2.84000,-0.076865672
2.84125,-0.074191542
2.84250,-0.071517413
2.84375,-0.068843284
2.84500,-0.066169154
2.84625,-0.083271144
2.84750,-0.10037313
2.84875,-0.11747512
2.85000,-0.13457711
2.85125,-0.13998756
2.85250,-0.14539801
2.85375,-0.15080846
2.85500,-0.15621891
2.85625,-0.17363184
2.85750,-0.19104478
2.85875,-0.20845771
2.86000,-0.22587065
2.86125,-0.23824627
2.86250,-0.25062189
2.86375,-0.26299751
2.86500,-0.27537313
2.86625,-0.26131841
2.86750,-0.24726368
2.86875,-0.23320896
2.87000,-0.21915423
2.87125,-0.21225124
2.87250,-0.20534826
2.87375,-0.19844527
2.87500,-0.19154229
2.87625,-0.17985075
2.87750,-0.1681592
2.87875,-0.15646766
2.88000,-0.14477612
2.88125,-0.13799751
2.88250,-0.13121891
2.88375,-0.1244403
2.88500,-0.11766169
2.88625,-0.10895522
2.88750,-0.10024876
2.88875,-0.091542289
2.89000,-0.082835821
2.89125,-0.074502488
2.89250,-0.066169154
2.89375,-0.057835821
2.89500,-0.049502488
2.89625,-0.035883085
2.89750,-0.022263682
2.89875,-0.008644279
2.90000,0.004975124
2.90125,0.016853234
2.90250,0.028731343
2.90375,0.040609453
2.90500,0.052487562
2.90625,0.066231343
2.90750,0.079975124
2.90875,0.093718905
2.91000,0.10746269
2.91125,0.11871891
2.91250,0.12997512
2.91375,0.14123134
2.91500,0.15248756
2.91625,0.16206468
2.91750,0.17164179
2.91875,0.18121891
2.92000,0.19079602
2.92125,0.2011194
2.92250,0.21144279
2.92375,0.22176617
2.92500,0.23208955
2.92625,0.2403607
2.92750,0.24863184
2.92875,0.25690299
2.93000,0.26517413
2.93125,0.26915423
2.93250,0.27313433
2.93375,0.27711443
2.93500,0.28109453
2.93625,0.2846393
2.93750,0.28818408
2.93875,0.29172886
2.94000,0.29527363
2.94125,0.29900498
2.94250,0.30273632
2.94375,0.30646766
2.94500,0.310199
2.94625,0.31560945
2.94750,0.3210199
2.94875,0.32643035
2.95000,0.3318408
2.95125,0.34800995
2.95250,0.3641791
2.95375,0.38034826
2.95500,0.39651741
2.95625,0.40914179
2.95750,0.42176617
2.95875,0.43439055
2.96000,0.44701493
2.96125,0.4619403
2.96250,0.47686567
2.96375,0.49179104
2.96500,0.50671642
2.96625,0.45690299
2.96750,0.40708955
2.96875,0.35727612
2.97000,0.30746269
2.97125,0.25808458
2.97250,0.20870647
2.97375,0.15932836
2.97500,0.10995025
2.97625,0.073756219
2.97750,0.037562189
2.97875,0.001368159
2.98000,-0.034825871
2.98125,-0.067537313
2.98250,-0.10024876
2.98375,-0.1329602
2.98500,-0.16567164
2.98625,-0.15876866
2.98750,-0.15186567
2.98875,-0.14496269
2.99000,-0.1380597
2.99125,-0.14664179
2.99250,-0.15522388
2.99375,-0.16380597
2.99500,-0.17238806
2.99625,-0.19048507
2.99750,-0.20858209
2.99875,-0.2266791
3.00000,-0.24477612
3.00125,-0.26106965
3.00250,-0.27736318
3.00375,-0.29365672
3.00500,-0.30995025
3.00625,-0.30578358
3.00750,-0.30161692
3.00875,-0.29745025
3.01000,-0.29328358
3.01125,-0.28526119
3.01250,-0.27723881
3.01375,-0.26921642
3.01500,-0.26119403
3.01625,-0.25310945
3.01750,-0.24502488
3.01875,-0.2369403
3.02000,-0.22885572
3.02125,-0.21784826
3.02250,-0.2068408
3.02375,-0.19583333
3.02500,-0.18482587
3.02625,-0.18893035
3.02750,-0.19303483
3.02875,-0.1971393
3.03000,-0.20124378
3.03125,-0.20379353
3.03250,-0.20634328
3.03375,-0.20889303
3.03500,-0.21144279
3.03625,-0.21206468
3.03750,-0.21268657
3.03875,-0.21330846
3.04000,-0.21393035
3.04125,-0.21411692
3.04250,-0.21430348
3.04375,-0.21449005
3.04500,-0.21467662
3.04625,-0.21529851
3.04750,-0.2159204
3.04875,-0.21654229
3.05000,-0.21716418
3.05125,-0.21685323
3.05250,-0.21654229
3.05375,-0.21623134
3.05500,-0.2159204
3.05625,-0.21697761
3.05750,-0.21803483
3.05875,-0.21909204
3.06000,-0.22014925
3.06125,-0.19850746
3.06250,-0.17686567
3.06375,-0.15522388
3.06500,-0.13358209
3.06625,-0.096952736
3.06750,-0.060323383
3.06875,-0.02369403
3.07000,0.012935323
3.07125,0.023072139
3.07250,0.033208955
3.07375,0.043345771
3.07500,0.053482587
3.07625,0.055348259
3.07750,0.05721393
3.07875,0.059079602
3.08000,0.060945274
3.08125,0.081778607
3.08250,0.10261194
3.08375,0.12344527
3.08500,0.14427861
3.08625,0.12773632
3.08750,0.11119403
3.08875,0.094651741
3.09000,0.078109453
3.09125,0.073258706
3.09250,0.06840796
3.09375,0.063557214
3.09500,0.058706468
3.09625,0.074191542
3.09750,0.089676617
3.09875,0.10516169
3.10000,0.12064677
3.10125,0.12711443
3.10250,0.13358209
3.10375,0.14004975
3.10500,0.14651741
3.10625,0.14253731
3.10750,0.13855721
3.10875,0.13457711
3.11000,0.13059701
3.11125,0.12002488
3.11250,0.10945274
3.11375,0.098880597
3.11500,0.088308458
3.11625,0.078482587
3.11750,0.068656716
3.11875,0.058830846
3.12000,0.049004975
3.12125,0.049129353
3.12250,0.049253731
3.12375,0.049378109
3.12500,0.049502488
3.12625,0.067723881
3.12750,0.085945274
3.12875,0.10416667
3.13000,0.12238806
3.13125,0.11312189
3.13250,0.10385572
3.13375,0.094589552
3.13500,0.085323383
3.13625,0.081902985
3.13750,0.078482587
3.13875,0.075062189
3.14000,0.071641791
3.14125,0.080597015
3.14250,0.089552239
3.14375,0.098507463
3.14500,0.10746269
3.14625,0.095460199
3.14750,0.083457711
3.14875,0.071455224
3.15000,0.059452736
3.15125,0.050062189
3.15250,0.040671642
3.15375,0.031281095
3.15500,0.021890547
3.15625,0.021206468
3.15750,0.020522388
3.15875,0.019838308
3.16000,0.019154229
3.16125,0.005161692
3.16250,-0.008830846
3.16375,-0.022823383
3.16500,-0.03681592
3.16625,-0.032400498
3.16750,-0.027985075
3.16875,-0.023569652
3.17000,-0.019154229
3.17125,-0.015547264
3.17250,-0.011940299
3.17375,-0.008333333
3.17500,-0.004726368
3.17625,0.001119403
3.17750,0.006965174
3.17875,0.012810945
3.18000,0.018656716
3.18125,0.016728856
3.18250,0.014800995
3.18375,0.012873134
3.18500,0.010945274
3.18625,-0.000808458
3.18750,-0.012562189
3.18875,-0.02431592
3.19000,-0.036069652
3.19125,-0.04670398
3.19250,-0.057338308
3.19375,-0.067972637
3.19500,-0.078606965
3.19625,-0.073942786
3.19750,-0.069278607
3.19875,-0.064614428
3.20000,-0.059950249
3.20125,-0.04670398
3.20250,-0.033457711
3.20375,-0.020211443
3.20500,-0.006965174
3.20625,0.006094527
3.20750,0.019154229
3.20875,0.03221393
3.21000,0.045273632
3.21125,0.060447761
3.21250,0.075621891
3.21375,0.09079602
3.21500,0.10597015
3.21625,0.10677861
3.21750,0.10758706
3.21875,0.10839552
3.22000,0.10920398
3.22125,0.11374378
3.22250,0.11828358
3.22375,0.12282338
3.22500,0.12736318
3.22625,0.12450249
3.22750,0.12164179
3.22875,0.11878109
3.23000,0.1159204
3.23125,0.11672886
3.23250,0.11753731
3.23375,0.11834577
3.23500,0.11915423
3.23625,0.10136816
3.23750,0.08358209
3.23875,0.06579602
3.24000,0.04800995
3.24125,0.049813433
3.24250,0.051616915
3.24375,0.053420398
3.24500,0.055223881
3.24625,0.058457711
3.24750,0.061691542
3.24875,0.064925373
3.25000,0.068159204
3.25125,0.075559701
3.25250,0.082960199
3.25375,0.090360697
3.25500,0.097761194
3.25625,0.10466418
3.25750,0.11156716
3.25875,0.11847015
3.26000,0.12537313
3.26125,0.12991294
3.26250,0.13445274
3.26375,0.13899254
3.26500,0.14353234
3.26625,0.14421642
3.26750,0.1449005
3.26875,0.14558458
3.27000,0.14626866
3.27125,0.1608209
3.27250,0.17537313
3.27375,0.18992537
3.27500,0.20447761
3.27625,0.20292289
3.27750,0.20136816
3.27875,0.19981343
3.28000,0.19825871
3.28125,0.20771144
3.28250,0.21716418
3.28375,0.22661692
3.28500,0.23606965
3.28625,0.19850746
3.28750,0.16094527
3.28875,0.12338308
3.29000,0.085820896
3.29125,0.067164179
3.29250,0.048507463
3.29375,0.029850746
3.29500,0.01119403
3.29625,0.000746269
3.29750,-0.009701493
3.29875,-0.020149254
3.30000,-0.030597015
3.30125,-0.044527363
3.30250,-0.058457711
3.30375,-0.07238806
3.30500,-0.086318408
3.30625,-0.091231343
3.30750,-0.096144279
3.30875,-0.10105721
3.31000,-0.10597015
3.31125,-0.10534826
3.31250,-0.10472637
3.31375,-0.10410448
3.31500,-0.10348259
3.31625,-0.09471393
3.31750,-0.085945274
3.31875,-0.077176617
3.32000,-0.06840796
3.32125,-0.068097015
3.32250,-0.06778607
3.32375,-0.067475124
3.32500,-0.067164179
3.32625,-0.045771144
3.32750,-0.024378109
3.32875,-0.002985075
3.33000,0.01840796
3.33125,0.040422886
3.33250,0.062437811
3.33375,0.084452736
3.33500,0.10646766
3.33625,0.065485075
3.33750,0.024502488
3.33875,-0.0164801
3.34000,-0.057462687
3.34125,-0.067164179
3.34250,-0.076865672
3.34375,-0.086567164
3.34500,-0.096268657
3.34625,-0.077363184
3.34750,-0.058457711
3.34875,-0.039552239
3.35000,-0.020646766
3.35125,-0.006840796
3.35250,0.006965174
3.35375,0.020771144
3.35500,0.034577114
3.35625,0.053606965
3.35750,0.072636816
3.35875,0.091666667
3.36000,0.11069652
3.36125,0.084701493
3.36250,0.058706468
3.36375,0.032711443
3.36500,0.006716418
3.36625,-0.038308458
3.36750,-0.083333333
3.36875,-0.12835821
3.37000,-0.17338308
3.37125,-0.1795398
3.37250,-0.18569652
3.37375,-0.19185323
3.37500,-0.19800995
3.37625,-0.16411692
3.37750,-0.13022388
3.37875,-0.096330846
3.38000,-0.062437811
3.38125,-0.055223881
3.38250,-0.04800995
3.38375,-0.04079602
3.38500,-0.03358209
3.38625,-0.020273632
3.38750,-0.006965174
3.38875,0.006343284
3.39000,0.019651741
3.39125,0.007587065
3.39250,-0.004477612
3.39375,-0.016542289
3.39500,-0.028606965
3.39625,-0.037064677
3.39750,-0.045522388
3.39875,-0.0539801
3.40000,-0.062437811
3.40125,-0.067537313
3.40250,-0.072636816
3.40375,-0.077736318
3.40500,-0.082835821
3.40625,-0.078855721
3.40750,-0.074875622
3.40875,-0.070895522
3.41000,-0.066915423
3.41125,-0.068905473
3.41250,-0.070895522
3.41375,-0.072885572
3.41500,-0.074875622
3.41625,-0.068594527
3.41750,-0.062313433
3.41875,-0.056032338
3.42000,-0.049751244
3.42125,-0.0414801
3.42250,-0.033208955
3.42375,-0.024937811
3.42500,-0.016666667
3.42625,-0.014863184
3.42750,-0.013059701
3.42875,-0.011256219
3.43000,-0.009452736
3.43125,-0.000559701
3.43250,0.008333333
3.43375,0.017226368
3.43500,0.026119403
3.43625,0.037997512
3.43750,0.049875622
3.43875,0.061753731
3.44000,0.073631841
3.44125,0.076616915
3.44250,0.07960199
3.44375,0.082587065
3.44500,0.085572139
3.44625,0.12369403
3.44750,0.16181592
3.44875,0.19993781
3.45000,0.2380597
3.45125,0.23439055
3.45250,0.23072139
3.45375,0.22705224
3.45500,0.22338308
3.45625,0.17866915
3.45750,0.13395522
3.45875,0.089241294
3.46000,0.044527363
3.46125,0.010883085
3.46250,-0.022761194
3.46375,-0.056405473
3.46500,-0.090049751
3.46625,-0.12935323
3.46750,-0.16865672
3.46875,-0.2079602
3.47000,-0.24726368
3.47125,-0.23563433
3.47250,-0.22400498
3.47375,-0.21237562
3.47500,-0.20074627
3.47625,-0.19682836
3.47750,-0.19291045
3.47875,-0.18899254
3.48000,-0.18507463
3.48125,-0.17232587
3.48250,-0.15957711
3.48375,-0.14682836
3.48500,-0.1340796
3.48625,-0.12108209
3.48750,-0.10808458
3.48875,-0.095087065
3.49000,-0.082089552
3.49125,-0.069527363
3.49250,-0.056965174
3.49375,-0.044402985
3.49500,-0.031840796
3.49625,-0.021952736
3.49750,-0.012064677
3.49875,-0.002176617
3.50000,0.007711443
3.50125,0.014987562
3.50250,0.022263682
3.50375,0.029539801
3.50500,0.03681592
3.50625,0.05920398
3.50750,0.08159204
3.50875,0.1039801
3.51000,0.12636816
3.51125,0.09340796
3.51250,0.060447761
3.51375,0.027487562
3.51500,-0.005472637
3.51625,-0.034514925
3.51750,-0.063557214
3.51875,-0.092599502
3.52000,-0.12164179
3.52125,-0.11349502
3.52250,-0.10534826
3.52375,-0.097201493
3.52500,-0.089054726
3.52625,-0.10976368
3.52750,-0.13047264
3.52875,-0.15118159
3.53000,-0.17189055
3.53125,-0.16100746
3.53250,-0.15012438
3.53375,-0.13924129
3.53500,-0.12835821
3.53625,-0.1193408
3.53750,-0.11032338
3.53875,-0.10130597
3.54000,-0.092288557
3.54125,-0.063743781
3.54250,-0.035199005
3.54375,-0.006654229
3.54500,0.021890547
3.54625,0.055721393
3.54750,0.089552239
3.54875,0.12338308
3.55000,0.15721393
3.55125,0.17021144
3.55250,0.18320896
3.55375,0.19620647
3.55500,0.20920398
3.55625,0.23625622
3.55750,0.26330846
3.55875,0.2903607
3.56000,0.31741294
3.56125,0.32437811
3.56250,0.33134328
3.56375,0.33830846
3.56500,0.34527363
3.56625,0.33314677
3.56750,0.3210199
3.56875,0.30889303
3.57000,0.29676617
3.57125,0.26927861
3.57250,0.24179104
3.57375,0.21430348
3.57500,0.18681592
3.57625,0.15410448
3.57750,0.12139303
3.57875,0.088681592
3.58000,0.055970149
3.58125,0.036504975
3.58250,0.017039801
3.58375,-0.002425373
3.58500,-0.021890547
3.58625,-0.030534826
3.58750,-0.039179104
3.58875,-0.047823383
3.59000,-0.056467662
3.59125,-0.037748756
3.59250,-0.019029851
3.59375,-0.000310945
3.59500,0.01840796
3.59625,0.025062189
3.59750,0.031716418
3.59875,0.038370647
3.60000,0.045024876
3.60125,0.067599502
3.60250,0.090174129
3.60375,0.11274876
3.60500,0.13532338
3.60625,0.12630597
3.60750,0.11728856
3.60875,0.10827114
3.61000,0.099253731
3.61125,0.077238806
3.61250,0.055223881
3.61375,0.033208955
3.61500,0.01119403
3.61625,0.00329602
3.61750,-0.00460199
3.61875,-0.0125
3.62000,-0.02039801
3.62125,-0.026803483
3.62250,-0.033208955
3.62375,-0.039614428
3.62500,-0.0460199
3.62625,-0.035758706
3.62750,-0.025497512
3.62875,-0.015236318
3.63000,-0.004975124
3.63125,-0.003358209
3.63250,-0.001741294
3.63375,-0.000124378
3.63500,0.001492537
3.63625,-0.006156716
3.63750,-0.01380597
3.63875,-0.021455224
3.64000,-0.029104478
3.64125,-0.03488806
3.64250,-0.040671642
3.64375,-0.046455224
3.64500,-0.052238806
3.64625,-0.058022388
3.64750,-0.06380597
3.64875,-0.069589552
3.65000,-0.075373134
3.65125,-0.088370647
3.65250,-0.10136816
3.65375,-0.11436567
3.65500,-0.12736318
3.65625,-0.14073383
3.65750,-0.15410448
3.65875,-0.16747512
3.66000,-0.18084577
3.66125,-0.17164179
3.66250,-0.16243781
3.66375,-0.15323383
3.66500,-0.14402985
3.66625,-0.12456468
3.66750,-0.1050995
3.66875,-0.085634328
3.67000,-0.066169154
3.67125,-0.060696517
3.67250,-0.055223881
3.67375,-0.049751244
3.67500,-0.044278607
3.67625,-0.030721393
3.67750,-0.017164179
3.67875,-0.003606965
3.68000,0.009950249
3.68125,0.013557214
3.68250,0.017164179
3.68375,0.020771144
3.68500,0.024378109
3.68625,0.026803483
3.68750,0.029228856
3.68875,0.031654229
3.69000,0.034079602
3.69125,0.039303483
3.69250,0.044527363
3.69375,0.049751244
3.69500,0.054975124
3.69625,0.06840796
3.69750,0.081840796
3.69875,0.095273632
3.70000,0.10870647
3.70125,0.087189055
3.70250,0.065671642
3.70375,0.044154229
3.70500,0.022636816
3.70625,-0.01710199
3.70750,-0.056840796
3.70875,-0.096579602
3.71000,-0.13631841
3.71125,-0.13675373
3.71250,-0.13718905
3.71375,-0.13762438
3.71500,-0.1380597
3.71625,-0.11865672
3.71750,-0.099253731
3.71875,-0.079850746
3.72000,-0.060447761
3.72125,-0.050373134
3.72250,-0.040298507
3.72375,-0.030223881
3.72500,-0.020149254
3.72625,0.000435323
3.72750,0.0210199
3.72875,0.041604478
3.73000,0.062189055
3.73125,0.072139303
3.73250,0.082089552
3.73375,0.092039801
3.73500,0.10199005
3.73625,0.087810945
3.73750,0.073631841
3.73875,0.059452736
3.74000,0.045273632
3.74125,0.032276119
3.74250,0.019278607
3.74375,0.006281095
3.74500,-0.006716418
3.74625,-0.020149254
3.74750,-0.03358209
3.74875,-0.047014925
3.75000,-0.060447761
3.75125,-0.046268657
3.75250,-0.032089552
3.75375,-0.017910448
3.75500,-0.003731343
3.75625,0.012562189
3.75750,0.028855721
3.75875,0.045149254
3.76000,0.061442786
3.76125,0.076057214
3.76250,0.090671642
3.76375,0.10528607
3.76500,0.1199005
3.76625,0.1386194
3.76750,0.15733831
3.76875,0.17605721
3.77000,0.19477612
3.77125,0.18476368
3.77250,0.17475124
3.77375,0.16473881
3.77500,0.15472637
3.77625,0.13662935
3.77750,0.11853234
3.77875,0.10043532
3.78000,0.082338308
3.78125,0.060883085
3.78250,0.039427861
3.78375,0.017972637
3.78500,-0.003482587
3.78625,-0.014738806
3.78750,-0.025995025
3.78875,-0.037251244
3.79000,-0.048507463
3.79125,-0.051741294
3.79250,-0.054975124
3.79375,-0.058208955
3.79500,-0.061442786
3.79625,-0.059266169
3.79750,-0.057089552
3.79875,-0.054912935
3.80000,-0.052736318
3.80125,-0.046393035
3.80250,-0.040049751
3.80375,-0.033706468
3.80500,-0.027363184
3.80625,-0.017412935
3.80750,-0.007462687
3.80875,0.002487562
3.81000,0.012437811
3.81125,0.02431592
3.81250,0.03619403
3.81375,0.048072139
3.81500,0.059950249
3.81625,0.042848259
3.81750,0.025746269
3.81875,0.008644279
3.82000,-0.008457711
3.82125,-0.019776119
3.82250,-0.031094527
3.82375,-0.042412935
3.82500,-0.053731343
3.82625,-0.069589552
3.82750,-0.085447761
3.82875,-0.10130597
3.83000,-0.11716418
3.83125,-0.11044776
3.83250,-0.10373134
3.83375,-0.097014925
3.83500,-0.090298507
3.83625,-0.079850746
3.83750,-0.069402985
3.83875,-0.058955224
3.84000,-0.048507463
3.84125,-0.0375
3.84250,-0.026492537
3.84375,-0.015485075
3.84500,-0.004477612
3.84625,0.00721393
3.84750,0.018905473
3.84875,0.030597015
3.85000,0.042288557
3.85125,0.026741294
3.85250,0.01119403
3.85375,-0.004353234
3.85500,-0.019900498
3.85625,-0.014614428
3.85750,-0.009328358
3.85875,-0.004042289
3.86000,0.001243781
3.86125,0.015236318
3.86250,0.029228856
3.86375,0.043221393
3.86500,0.05721393
3.86625,0.066169154
3.86750,0.075124378
3.86875,0.084079602
3.87000,0.093034826
3.87125,0.10715174
3.87250,0.12126866
3.87375,0.13538557
3.87500,0.14950249
3.87625,0.14421642
3.87750,0.13893035
3.87875,0.13364428
3.88000,0.12835821
3.88125,0.12313433
3.88250,0.11791045
3.88375,0.11268657
3.88500,0.10746269
3.88625,0.10199005
3.88750,0.096517413
3.88875,0.091044776
3.89000,0.085572139
3.89125,0.095584577
3.89250,0.10559701
3.89375,0.11560945
3.89500,0.12562189
3.89625,0.13482587
3.89750,0.14402985
3.89875,0.15323383
3.90000,0.16243781
3.90125,0.16430348
3.90250,0.16616915
3.90375,0.16803483
3.90500,0.1699005
3.90625,0.13812189
3.90750,0.10634328
3.90875,0.074564677
3.91000,0.04278607
3.91125,0.021517413
3.91250,0.000248756
3.91375,-0.0210199
3.91500,-0.042288557
3.91625,-0.06449005
3.91750,-0.086691542
3.91875,-0.10889303
3.92000,-0.13109453
3.92125,-0.13961443
3.92250,-0.14813433
3.92375,-0.15665423
3.92500,-0.16517413
3.92625,-0.14794776
3.92750,-0.13072139
3.92875,-0.11349502
3.93000,-0.096268657
3.93125,-0.086007463
3.93250,-0.075746269
3.93375,-0.065485075
3.93500,-0.055223881
3.93625,-0.043470149
3.93750,-0.031716418
3.93875,-0.019962687
3.94000,-0.008208955
3.94125,0.001243781
3.94250,0.010696517
3.94375,0.020149254
3.94500,0.02960199
3.94625,0.014241294
3.94750,-0.001119403
3.94875,-0.0164801
3.95000,-0.031840796
3.95125,-0.045708955
3.95250,-0.059577114
3.95375,-0.073445274
3.95500,-0.087313433
3.95625,-0.097450249
3.95750,-0.10758706
3.95875,-0.11772388
3.96000,-0.1278607
3.96125,-0.11672886
3.96250,-0.10559701
3.96375,-0.094465174
3.96500,-0.083333333
3.96625,-0.076057214
3.96750,-0.068781095
3.96875,-0.061504975
3.97000,-0.054228856
3.97125,-0.04141791
3.97250,-0.028606965
3.97375,-0.01579602
3.97500,-0.002985075
3.97625,0.00659204
3.97750,0.016169154
3.97875,0.025746269
3.98000,0.035323383
3.98125,0.030845771
3.98250,0.026368159
3.98375,0.021890547
3.98500,0.017412935
3.98625,0.009141791
3.98750,0.000870647
3.98875,-0.007400498
3.99000,-0.015671642
3.99125,-0.019216418
3.99250,-0.022761194
3.99375,-0.02630597
3.99500,-0.029850746
3.99625,-0.042412935
3.99750,-0.054975124
3.99875,-0.067537313
4.00000,-0.080099502
4.00125,-0.08159204
4.00250,-0.083084577
4.00375,-0.084577114
4.00500,-0.086069652
4.00625,-0.070211443
4.00750,-0.054353234
4.00875,-0.038495025
4.01000,-0.022636816
4.01125,-0.012437811
4.01250,-0.002238806
4.01375,0.007960199
4.01500,0.018159204
4.01625,0.032835821
4.01750,0.047512438
4.01875,0.062189055
4.02000,0.076865672
4.02125,0.087002488
4.02250,0.097139303
4.02375,0.10727612
4.02500,0.11741294
4.02625,0.1255597
4.02750,0.13370647
4.02875,0.14185323
4.03000,0.15
4.03125,0.1483209
4.03250,0.14664179
4.03375,0.14496269
4.03500,0.14328358
4.03625,0.12798507
4.03750,0.11268657
4.03875,0.09738806
4.04000,0.082089552
4.04125,0.057027363
4.04250,0.031965174
4.04375,0.006902985
4.04500,-0.018159204
4.04625,-0.061940299
4.04750,-0.10572139
4.04875,-0.14950249
4.05000,-0.19328358
4.05125,-0.18277363
4.05250,-0.17226368
4.05375,-0.16175373
4.05500,-0.15124378
4.05625,-0.14067164
4.05750,-0.1300995
4.05875,-0.11952736
4.06000,-0.10895522
4.06125,-0.09471393
4.06250,-0.080472637
4.06375,-0.066231343
4.06500,-0.05199005
4.06625,-0.037064677
4.06750,-0.022139303
4.06875,-0.00721393
4.07000,0.007711443
4.07125,0.027549751
4.07250,0.04738806
4.07375,0.067226368
4.07500,0.087064677
4.07625,0.0835199
4.07750,0.079975124
4.07875,0.076430348
4.08000,0.072885572
4.08125,0.062189055
4.08250,0.051492537
4.08375,0.04079602
4.08500,0.030099502
4.08625,0.043594527
4.08750,0.057089552
4.08875,0.070584577
4.09000,0.084079602
4.09125,0.082773632
4.09250,0.081467662
4.09375,0.080161692
4.09500,0.078855721
4.09625,0.074937811
4.09750,0.0710199
4.09875,0.06710199
4.10000,0.06318408
4.10125,0.060199005
4.10250,0.05721393
4.10375,0.054228856
4.10500,0.051243781
4.10625,0.050746269
4.10750,0.050248756
4.10875,0.049751244
4.11000,0.049253731
4.11125,0.047761194
4.11250,0.046268657
4.11375,0.044776119
4.11500,0.043283582
4.11625,0.033768657
4.11750,0.024253731
4.11875,0.014738806
4.12000,0.005223881
4.12125,-0.005037313
4.12250,-0.015298507
4.12375,-0.025559701
4.12500,-0.035820896
4.12625,-0.048196517
4.12750,-0.060572139
4.12875,-0.072947761
4.13000,-0.085323383
4.13125,-0.085074627
4.13250,-0.084825871
4.13375,-0.084577114
4.13500,-0.084328358
4.13625,-0.072263682
4.13750,-0.060199005
4.13875,-0.048134328
4.14000,-0.036069652
4.14125,-0.028793532
4.14250,-0.021517413
4.14375,-0.014241294
4.14500,-0.006965174
4.14625,0.005348259
4.14750,0.017661692
4.14875,0.029975124
4.15000,0.042288557
4.15125,0.025746269
4.15250,0.00920398
4.15375,-0.007338309
4.15500,-0.023880597
4.15625,-0.033768657
4.15750,-0.043656716
4.15875,-0.053544776
4.16000,-0.063432836
4.16125,-0.064925373
4.16250,-0.06641791
4.16375,-0.067910448
4.16500,-0.069402985
4.16625,-0.076181592
4.16750,-0.082960199
4.16875,-0.089738806
4.17000,-0.096517413
4.17125,-0.087437811
4.17250,-0.078358209
4.17375,-0.069278607
4.17500,-0.060199005
4.17625,-0.0585199
4.17750,-0.056840796
4.17875,-0.055161692
4.18000,-0.053482587
4.18125,-0.051430348
4.18250,-0.049378109
4.18375,-0.047325871
4.18500,-0.045273632
4.18625,-0.044776119
4.18750,-0.044278607
4.18875,-0.043781095
4.19000,-0.043283582
4.19125,-0.034825871
4.19250,-0.026368159
4.19375,-0.017910448
4.19500,-0.009452736
4.19625,-0.008768657
4.19750,-0.008084577
4.19875,-0.007400498
4.20000,-0.006716418
